ensembl_id,is_upregulated_in_AD,brain_region,study
ENSG00000174231,True,Frontal Lobe,Fisher_et_al
ENSG00000114302,True,Frontal Lobe,Fisher_et_al
ENSG00000114742,True,Frontal Lobe,Fisher_et_al
ENSG00000153066,True,Frontal Lobe,Fisher_et_al
ENSG00000099942,True,Frontal Lobe,Fisher_et_al
ENSG00000086475,True,Frontal Lobe,Fisher_et_al
ENSG00000131374,True,Frontal Lobe,Fisher_et_al
ENSG00000144028,True,Frontal Lobe,Fisher_et_al
ENSG00000169762,True,Frontal Lobe,Fisher_et_al
ENSG00000163069,True,Frontal Lobe,Fisher_et_al
ENSG00000114982,True,Frontal Lobe,Fisher_et_al
ENSG00000126773,True,Frontal Lobe,Fisher_et_al
ENSG00000257103,True,Frontal Lobe,Fisher_et_al
ENSG00000145388,True,Frontal Lobe,Fisher_et_al
ENSG00000163104,True,Frontal Lobe,Fisher_et_al
ENSG00000181704,True,Frontal Lobe,Fisher_et_al
ENSG00000168172,True,Frontal Lobe,Fisher_et_al
ENSG00000164463,True,Frontal Lobe,Fisher_et_al
ENSG00000121864,True,Frontal Lobe,Fisher_et_al
ENSG00000167193,True,Frontal Lobe,Fisher_et_al
ENSG00000113384,True,Frontal Lobe,Fisher_et_al
ENSG00000204120,True,Frontal Lobe,Fisher_et_al
ENSG00000107897,True,Frontal Lobe,Fisher_et_al
ENSG00000126746,True,Frontal Lobe,Fisher_et_al
ENSG00000170558,True,Frontal Lobe,Fisher_et_al
ENSG00000124789,True,Frontal Lobe,Fisher_et_al
ENSG00000107290,True,Frontal Lobe,Fisher_et_al
ENSG00000174839,True,Frontal Lobe,Fisher_et_al
ENSG00000151239,True,Frontal Lobe,Fisher_et_al
ENSG00000135316,True,Frontal Lobe,Fisher_et_al
ENSG00000102921,True,Frontal Lobe,Fisher_et_al
ENSG00000009954,True,Frontal Lobe,Fisher_et_al
ENSG00000120616,True,Frontal Lobe,Fisher_et_al
ENSG00000138802,True,Frontal Lobe,Fisher_et_al
ENSG00000078403,True,Frontal Lobe,Fisher_et_al
ENSG00000090905,True,Frontal Lobe,Fisher_et_al
ENSG00000123411,True,Frontal Lobe,Fisher_et_al
ENSG00000135093,True,Frontal Lobe,Fisher_et_al
ENSG00000171681,True,Frontal Lobe,Fisher_et_al
ENSG00000139651,True,Frontal Lobe,Fisher_et_al
ENSG00000173120,True,Frontal Lobe,Fisher_et_al
ENSG00000121892,True,Frontal Lobe,Fisher_et_al
ENSG00000134046,True,Frontal Lobe,Fisher_et_al
ENSG00000130396,True,Frontal Lobe,Fisher_et_al
ENSG00000131375,True,Frontal Lobe,Fisher_et_al
ENSG00000163939,True,Frontal Lobe,Fisher_et_al
ENSG00000084073,True,Frontal Lobe,Fisher_et_al
ENSG00000213096,True,Frontal Lobe,Fisher_et_al
ENSG00000162434,True,Frontal Lobe,Fisher_et_al
ENSG00000124201,True,Frontal Lobe,Fisher_et_al
ENSG00000120733,True,Frontal Lobe,Fisher_et_al
ENSG00000101745,True,Frontal Lobe,Fisher_et_al
ENSG00000134698,True,Frontal Lobe,Fisher_et_al
ENSG00000168214,True,Frontal Lobe,Fisher_et_al
ENSG00000186566,True,Frontal Lobe,Fisher_et_al
ENSG00000136940,True,Frontal Lobe,Fisher_et_al
ENSG00000118482,True,Frontal Lobe,Fisher_et_al
ENSG00000171988,True,Frontal Lobe,Fisher_et_al
ENSG00000198561,True,Frontal Lobe,Fisher_et_al
ENSG00000165494,True,Frontal Lobe,Fisher_et_al
ENSG00000180628,True,Frontal Lobe,Fisher_et_al
ENSG00000083223,True,Frontal Lobe,Fisher_et_al
ENSG00000114739,True,Frontal Lobe,Fisher_et_al
ENSG00000125107,True,Frontal Lobe,Fisher_et_al
ENSG00000103342,True,Frontal Lobe,Fisher_et_al
ENSG00000109171,True,Frontal Lobe,Fisher_et_al
ENSG00000147526,True,Frontal Lobe,Fisher_et_al
ENSG00000113300,True,Frontal Lobe,Fisher_et_al
ENSG00000136144,True,Frontal Lobe,Fisher_et_al
ENSG00000152520,True,Frontal Lobe,Fisher_et_al
ENSG00000125676,True,Frontal Lobe,Fisher_et_al
ENSG00000167258,True,Frontal Lobe,Fisher_et_al
ENSG00000155545,True,Frontal Lobe,Fisher_et_al
ENSG00000168769,True,Frontal Lobe,Fisher_et_al
ENSG00000160208,True,Frontal Lobe,Fisher_et_al
ENSG00000144228,True,Frontal Lobe,Fisher_et_al
ENSG00000163946,True,Frontal Lobe,Fisher_et_al
ENSG00000183354,True,Frontal Lobe,Fisher_et_al
ENSG00000143322,True,Frontal Lobe,Fisher_et_al
ENSG00000186063,True,Frontal Lobe,Fisher_et_al
ENSG00000137942,True,Frontal Lobe,Fisher_et_al
ENSG00000134152,True,Frontal Lobe,Fisher_et_al
ENSG00000111877,True,Frontal Lobe,Fisher_et_al
ENSG00000106771,True,Frontal Lobe,Fisher_et_al
ENSG00000138613,True,Frontal Lobe,Fisher_et_al
ENSG00000132155,True,Frontal Lobe,Fisher_et_al
ENSG00000127481,True,Frontal Lobe,Fisher_et_al
ENSG00000088930,True,Frontal Lobe,Fisher_et_al
ENSG00000112739,True,Frontal Lobe,Fisher_et_al
ENSG00000172071,True,Frontal Lobe,Fisher_et_al
ENSG00000169155,True,Frontal Lobe,Fisher_et_al
ENSG00000275066,True,Frontal Lobe,Fisher_et_al
ENSG00000168137,True,Frontal Lobe,Fisher_et_al
ENSG00000173889,True,Frontal Lobe,Fisher_et_al
ENSG00000198646,True,Frontal Lobe,Fisher_et_al
ENSG00000178966,True,Frontal Lobe,Fisher_et_al
ENSG00000047346,True,Frontal Lobe,Fisher_et_al
ENSG00000005812,True,Frontal Lobe,Fisher_et_al
ENSG00000198795,True,Frontal Lobe,Fisher_et_al
ENSG00000089154,True,Frontal Lobe,Fisher_et_al
ENSG00000085185,True,Frontal Lobe,Fisher_et_al
ENSG00000124151,True,Frontal Lobe,Fisher_et_al
ENSG00000172845,True,Frontal Lobe,Fisher_et_al
ENSG00000144674,True,Frontal Lobe,Fisher_et_al
ENSG00000122482,True,Frontal Lobe,Fisher_et_al
ENSG00000166889,True,Frontal Lobe,Fisher_et_al
ENSG00000140948,True,Frontal Lobe,Fisher_et_al
ENSG00000100796,True,Frontal Lobe,Fisher_et_al
ENSG00000141441,True,Frontal Lobe,Fisher_et_al
ENSG00000156030,True,Frontal Lobe,Fisher_et_al
ENSG00000128923,True,Frontal Lobe,Fisher_et_al
ENSG00000115464,True,Frontal Lobe,Fisher_et_al
ENSG00000008405,True,Frontal Lobe,Fisher_et_al
ENSG00000074657,True,Frontal Lobe,Fisher_et_al
ENSG00000132549,True,Frontal Lobe,Fisher_et_al
ENSG00000089177,True,Frontal Lobe,Fisher_et_al
ENSG00000146247,True,Frontal Lobe,Fisher_et_al
ENSG00000165821,True,Frontal Lobe,Fisher_et_al
ENSG00000167785,True,Frontal Lobe,Fisher_et_al
ENSG00000112282,True,Frontal Lobe,Fisher_et_al
ENSG00000169967,True,Frontal Lobe,Fisher_et_al
ENSG00000137502,True,Frontal Lobe,Fisher_et_al
ENSG00000164190,True,Frontal Lobe,Fisher_et_al
ENSG00000135766,True,Frontal Lobe,Fisher_et_al
ENSG00000095564,True,Frontal Lobe,Fisher_et_al
ENSG00000205189,True,Frontal Lobe,Fisher_et_al
ENSG00000096717,True,Frontal Lobe,Fisher_et_al
ENSG00000112249,True,Frontal Lobe,Fisher_et_al
ENSG00000096968,True,Frontal Lobe,Fisher_et_al
ENSG00000008294,True,Frontal Lobe,Fisher_et_al
ENSG00000127804,True,Frontal Lobe,Fisher_et_al
ENSG00000100330,True,Frontal Lobe,Fisher_et_al
ENSG00000173517,True,Frontal Lobe,Fisher_et_al
ENSG00000122507,True,Frontal Lobe,Fisher_et_al
ENSG00000198799,True,Frontal Lobe,Fisher_et_al
ENSG00000168310,True,Frontal Lobe,Fisher_et_al
ENSG00000135052,True,Frontal Lobe,Fisher_et_al
ENSG00000147874,True,Frontal Lobe,Fisher_et_al
ENSG00000011258,True,Frontal Lobe,Fisher_et_al
ENSG00000125686,True,Frontal Lobe,Fisher_et_al
ENSG00000151503,True,Frontal Lobe,Fisher_et_al
ENSG00000164576,True,Frontal Lobe,Fisher_et_al
ENSG00000182985,True,Frontal Lobe,Fisher_et_al
ENSG00000005889,True,Frontal Lobe,Fisher_et_al
ENSG00000147408,True,Frontal Lobe,Fisher_et_al
ENSG00000173230,True,Frontal Lobe,Fisher_et_al
ENSG00000119285,True,Frontal Lobe,Fisher_et_al
ENSG00000077063,True,Frontal Lobe,Fisher_et_al
ENSG00000163605,True,Frontal Lobe,Fisher_et_al
ENSG00000163960,True,Frontal Lobe,Fisher_et_al
ENSG00000100485,True,Frontal Lobe,Fisher_et_al
ENSG00000197965,True,Frontal Lobe,Fisher_et_al
ENSG00000165156,True,Frontal Lobe,Fisher_et_al
ENSG00000147535,True,Frontal Lobe,Fisher_et_al
ENSG00000162695,True,Frontal Lobe,Fisher_et_al
ENSG00000137413,True,Frontal Lobe,Fisher_et_al
ENSG00000109118,True,Frontal Lobe,Fisher_et_al
ENSG00000114904,True,Frontal Lobe,Fisher_et_al
ENSG00000100227,True,Frontal Lobe,Fisher_et_al
ENSG00000125871,True,Frontal Lobe,Fisher_et_al
ENSG00000047578,True,Frontal Lobe,Fisher_et_al
ENSG00000163644,True,Frontal Lobe,Fisher_et_al
ENSG00000180357,True,Frontal Lobe,Fisher_et_al
ENSG00000154845,True,Frontal Lobe,Fisher_et_al
ENSG00000172466,True,Frontal Lobe,Fisher_et_al
ENSG00000123595,True,Frontal Lobe,Fisher_et_al
ENSG00000164741,True,Frontal Lobe,Fisher_et_al
ENSG00000072364,True,Frontal Lobe,Fisher_et_al
ENSG00000168795,True,Frontal Lobe,Fisher_et_al
ENSG00000119720,True,Frontal Lobe,Fisher_et_al
ENSG00000084676,True,Frontal Lobe,Fisher_et_al
ENSG00000107854,True,Frontal Lobe,Fisher_et_al
ENSG00000143515,True,Frontal Lobe,Fisher_et_al
ENSG00000115548,True,Frontal Lobe,Fisher_et_al
ENSG00000176018,True,Frontal Lobe,Fisher_et_al
ENSG00000127947,True,Frontal Lobe,Fisher_et_al
ENSG00000168763,True,Frontal Lobe,Fisher_et_al
ENSG00000164684,True,Frontal Lobe,Fisher_et_al
ENSG00000278129,True,Frontal Lobe,Fisher_et_al
ENSG00000143952,True,Frontal Lobe,Fisher_et_al
ENSG00000100644,True,Frontal Lobe,Fisher_et_al
ENSG00000166716,True,Frontal Lobe,Fisher_et_al
ENSG00000170542,True,Frontal Lobe,Fisher_et_al
ENSG00000163349,True,Frontal Lobe,Fisher_et_al
ENSG00000065135,True,Frontal Lobe,Fisher_et_al
ENSG00000114126,True,Frontal Lobe,Fisher_et_al
ENSG00000145431,True,Frontal Lobe,Fisher_et_al
ENSG00000123268,True,Frontal Lobe,Fisher_et_al
ENSG00000175970,True,Frontal Lobe,Fisher_et_al
ENSG00000138600,True,Frontal Lobe,Fisher_et_al
ENSG00000117461,True,Frontal Lobe,Fisher_et_al
ENSG00000137177,True,Frontal Lobe,Fisher_et_al
ENSG00000166225,True,Frontal Lobe,Fisher_et_al
ENSG00000100354,True,Frontal Lobe,Fisher_et_al
ENSG00000157106,True,Frontal Lobe,Fisher_et_al
ENSG00000124181,True,Frontal Lobe,Fisher_et_al
ENSG00000198887,True,Frontal Lobe,Fisher_et_al
ENSG00000131023,True,Frontal Lobe,Fisher_et_al
ENSG00000154727,True,Frontal Lobe,Fisher_et_al
ENSG00000157107,True,Frontal Lobe,Fisher_et_al
ENSG00000177125,True,Frontal Lobe,Fisher_et_al
ENSG00000159140,True,Frontal Lobe,Fisher_et_al
ENSG00000172766,True,Frontal Lobe,Fisher_et_al
ENSG00000145375,True,Frontal Lobe,Fisher_et_al
ENSG00000159658,True,Frontal Lobe,Fisher_et_al
ENSG00000128791,True,Frontal Lobe,Fisher_et_al
ENSG00000110395,True,Frontal Lobe,Fisher_et_al
ENSG00000147853,True,Frontal Lobe,Fisher_et_al
ENSG00000140526,True,Frontal Lobe,Fisher_et_al
ENSG00000076108,True,Frontal Lobe,Fisher_et_al
ENSG00000125124,True,Frontal Lobe,Fisher_et_al
ENSG00000155561,True,Frontal Lobe,Fisher_et_al
ENSG00000141646,True,Frontal Lobe,Fisher_et_al
ENSG00000177311,True,Frontal Lobe,Fisher_et_al
ENSG00000197020,True,Frontal Lobe,Fisher_et_al
ENSG00000188994,True,Frontal Lobe,Fisher_et_al
ENSG00000153944,True,Frontal Lobe,Fisher_et_al
ENSG00000100503,True,Frontal Lobe,Fisher_et_al
ENSG00000162415,True,Frontal Lobe,Fisher_et_al
ENSG00000101040,True,Frontal Lobe,Fisher_et_al
ENSG00000146278,True,Frontal Lobe,Fisher_et_al
ENSG00000184304,True,Frontal Lobe,Fisher_et_al
ENSG00000196782,True,Frontal Lobe,Fisher_et_al
ENSG00000009413,True,Frontal Lobe,Fisher_et_al
ENSG00000180370,True,Frontal Lobe,Fisher_et_al
ENSG00000178607,True,Frontal Lobe,Fisher_et_al
ENSG00000143337,True,Frontal Lobe,Fisher_et_al
ENSG00000172888,True,Frontal Lobe,Fisher_et_al
ENSG00000104067,True,Frontal Lobe,Fisher_et_al
ENSG00000162402,True,Frontal Lobe,Fisher_et_al
ENSG00000188786,True,Frontal Lobe,Fisher_et_al
ENSG00000139921,True,Frontal Lobe,Fisher_et_al
ENSG00000111666,True,Frontal Lobe,Fisher_et_al
ENSG00000166822,True,Frontal Lobe,Fisher_et_al
ENSG00000148737,True,Frontal Lobe,Fisher_et_al
ENSG00000189079,True,Frontal Lobe,Fisher_et_al
ENSG00000165406,True,Frontal Lobe,Fisher_et_al
ENSG00000134744,True,Frontal Lobe,Fisher_et_al
ENSG00000176624,True,Frontal Lobe,Fisher_et_al
ENSG00000163625,True,Frontal Lobe,Fisher_et_al
ENSG00000140299,True,Frontal Lobe,Fisher_et_al
ENSG00000163428,True,Frontal Lobe,Fisher_et_al
ENSG00000133639,True,Frontal Lobe,Fisher_et_al
ENSG00000130449,True,Frontal Lobe,Fisher_et_al
ENSG00000156172,True,Frontal Lobe,Fisher_et_al
ENSG00000148730,True,Frontal Lobe,Fisher_et_al
ENSG00000268043,True,Frontal Lobe,Fisher_et_al
ENSG00000154124,True,Frontal Lobe,Fisher_et_al
ENSG00000106780,True,Frontal Lobe,Fisher_et_al
ENSG00000100154,True,Frontal Lobe,Fisher_et_al
ENSG00000073614,True,Frontal Lobe,Fisher_et_al
ENSG00000101972,True,Frontal Lobe,Fisher_et_al
ENSG00000101367,True,Frontal Lobe,Fisher_et_al
ENSG00000198363,True,Frontal Lobe,Fisher_et_al
ENSG00000167202,True,Frontal Lobe,Fisher_et_al
ENSG00000005339,True,Frontal Lobe,Fisher_et_al
ENSG00000047365,True,Frontal Lobe,Fisher_et_al
ENSG00000122707,True,Frontal Lobe,Fisher_et_al
ENSG00000131115,True,Frontal Lobe,Fisher_et_al
ENSG00000145907,True,Frontal Lobe,Fisher_et_al
ENSG00000054523,True,Frontal Lobe,Fisher_et_al
ENSG00000204138,True,Frontal Lobe,Fisher_et_al
ENSG00000012983,True,Frontal Lobe,Fisher_et_al
ENSG00000175895,True,Frontal Lobe,Fisher_et_al
ENSG00000083312,True,Frontal Lobe,Fisher_et_al
ENSG00000137478,True,Frontal Lobe,Fisher_et_al
ENSG00000153922,True,Frontal Lobe,Fisher_et_al
ENSG00000147324,True,Frontal Lobe,Fisher_et_al
ENSG00000109787,True,Frontal Lobe,Fisher_et_al
ENSG00000151422,True,Frontal Lobe,Fisher_et_al
ENSG00000114127,True,Frontal Lobe,Fisher_et_al
ENSG00000101493,True,Frontal Lobe,Fisher_et_al
ENSG00000186918,True,Frontal Lobe,Fisher_et_al
ENSG00000108510,True,Frontal Lobe,Fisher_et_al
ENSG00000126804,True,Frontal Lobe,Fisher_et_al
ENSG00000112029,True,Frontal Lobe,Fisher_et_al
ENSG00000173402,True,Frontal Lobe,Fisher_et_al
ENSG00000097033,True,Frontal Lobe,Fisher_et_al
ENSG00000072501,True,Frontal Lobe,Fisher_et_al
ENSG00000123636,True,Frontal Lobe,Fisher_et_al
ENSG00000186300,True,Frontal Lobe,Fisher_et_al
ENSG00000105856,True,Frontal Lobe,Fisher_et_al
ENSG00000174740,True,Frontal Lobe,Fisher_et_al
ENSG00000135338,True,Frontal Lobe,Fisher_et_al
ENSG00000103479,True,Frontal Lobe,Fisher_et_al
ENSG00000109320,True,Frontal Lobe,Fisher_et_al
ENSG00000114331,True,Frontal Lobe,Fisher_et_al
ENSG00000139946,True,Frontal Lobe,Fisher_et_al
ENSG00000271601,True,Frontal Lobe,Fisher_et_al
ENSG00000133401,True,Frontal Lobe,Fisher_et_al
ENSG00000148143,True,Frontal Lobe,Fisher_et_al
ENSG00000196865,True,Frontal Lobe,Fisher_et_al
ENSG00000167978,True,Frontal Lobe,Fisher_et_al
ENSG00000164291,True,Frontal Lobe,Fisher_et_al
ENSG00000170677,True,Frontal Lobe,Fisher_et_al
ENSG00000198315,True,Frontal Lobe,Fisher_et_al
ENSG00000114796,True,Frontal Lobe,Fisher_et_al
ENSG00000110422,True,Frontal Lobe,Fisher_et_al
ENSG00000182263,True,Frontal Lobe,Fisher_et_al
ENSG00000186298,True,Frontal Lobe,Fisher_et_al
ENSG00000172671,True,Frontal Lobe,Fisher_et_al
ENSG00000106351,True,Frontal Lobe,Fisher_et_al
ENSG00000119950,True,Frontal Lobe,Fisher_et_al
ENSG00000170836,True,Frontal Lobe,Fisher_et_al
ENSG00000088888,True,Frontal Lobe,Fisher_et_al
ENSG00000157514,True,Frontal Lobe,Fisher_et_al
ENSG00000119729,True,Frontal Lobe,Fisher_et_al
ENSG00000053254,True,Frontal Lobe,Fisher_et_al
ENSG00000078114,True,Frontal Lobe,Fisher_et_al
ENSG00000144677,True,Frontal Lobe,Fisher_et_al
ENSG00000114439,True,Frontal Lobe,Fisher_et_al
ENSG00000118762,True,Frontal Lobe,Fisher_et_al
ENSG00000143815,True,Frontal Lobe,Fisher_et_al
ENSG00000065526,True,Frontal Lobe,Fisher_et_al
ENSG00000000003,True,Frontal Lobe,Fisher_et_al
ENSG00000197442,True,Frontal Lobe,Fisher_et_al
ENSG00000133789,True,Frontal Lobe,Fisher_et_al
ENSG00000189221,True,Frontal Lobe,Fisher_et_al
ENSG00000185591,True,Frontal Lobe,Fisher_et_al
ENSG00000104517,True,Frontal Lobe,Fisher_et_al
ENSG00000184634,True,Frontal Lobe,Fisher_et_al
ENSG00000174718,True,Frontal Lobe,Fisher_et_al
ENSG00000116497,True,Frontal Lobe,Fisher_et_al
ENSG00000129675,True,Frontal Lobe,Fisher_et_al
ENSG00000256229,True,Frontal Lobe,Fisher_et_al
ENSG00000085719,True,Frontal Lobe,Fisher_et_al
ENSG00000078549,True,Frontal Lobe,Fisher_et_al
ENSG00000135048,True,Frontal Lobe,Fisher_et_al
ENSG00000113211,True,Frontal Lobe,Fisher_et_al
ENSG00000095015,True,Frontal Lobe,Fisher_et_al
ENSG00000070778,True,Frontal Lobe,Fisher_et_al
ENSG00000057252,True,Frontal Lobe,Fisher_et_al
ENSG00000136044,True,Frontal Lobe,Fisher_et_al
ENSG00000157827,True,Frontal Lobe,Fisher_et_al
ENSG00000134324,True,Frontal Lobe,Fisher_et_al
ENSG00000119778,True,Frontal Lobe,Fisher_et_al
ENSG00000118007,True,Frontal Lobe,Fisher_et_al
ENSG00000180008,True,Frontal Lobe,Fisher_et_al
ENSG00000185278,True,Frontal Lobe,Fisher_et_al
ENSG00000156273,True,Frontal Lobe,Fisher_et_al
ENSG00000152558,True,Frontal Lobe,Fisher_et_al
ENSG00000070018,True,Frontal Lobe,Fisher_et_al
ENSG00000048028,True,Frontal Lobe,Fisher_et_al
ENSG00000123080,True,Frontal Lobe,Fisher_et_al
ENSG00000091436,True,Frontal Lobe,Fisher_et_al
ENSG00000140455,True,Frontal Lobe,Fisher_et_al
ENSG00000184486,True,Frontal Lobe,Fisher_et_al
ENSG00000161791,True,Frontal Lobe,Fisher_et_al
ENSG00000196586,True,Frontal Lobe,Fisher_et_al
ENSG00000107554,True,Frontal Lobe,Fisher_et_al
ENSG00000139132,True,Frontal Lobe,Fisher_et_al
ENSG00000115318,True,Frontal Lobe,Fisher_et_al
ENSG00000146263,True,Frontal Lobe,Fisher_et_al
ENSG00000149639,True,Frontal Lobe,Fisher_et_al
ENSG00000168461,True,Frontal Lobe,Fisher_et_al
ENSG00000058866,True,Frontal Lobe,Fisher_et_al
ENSG00000174032,True,Frontal Lobe,Fisher_et_al
ENSG00000083067,True,Frontal Lobe,Fisher_et_al
ENSG00000092531,True,Frontal Lobe,Fisher_et_al
ENSG00000163820,True,Frontal Lobe,Fisher_et_al
ENSG00000170759,True,Frontal Lobe,Fisher_et_al
ENSG00000030066,True,Frontal Lobe,Fisher_et_al
ENSG00000082781,True,Frontal Lobe,Fisher_et_al
ENSG00000165288,True,Frontal Lobe,Fisher_et_al
ENSG00000263002,True,Frontal Lobe,Fisher_et_al
ENSG00000273274,True,Frontal Lobe,Fisher_et_al
ENSG00000175215,True,Frontal Lobe,Fisher_et_al
ENSG00000134352,True,Frontal Lobe,Fisher_et_al
ENSG00000169105,True,Frontal Lobe,Fisher_et_al
ENSG00000162433,True,Frontal Lobe,Fisher_et_al
ENSG00000107779,True,Frontal Lobe,Fisher_et_al
ENSG00000123191,True,Frontal Lobe,Fisher_et_al
ENSG00000148411,True,Frontal Lobe,Fisher_et_al
ENSG00000116044,True,Frontal Lobe,Fisher_et_al
ENSG00000080839,True,Frontal Lobe,Fisher_et_al
ENSG00000138756,True,Frontal Lobe,Fisher_et_al
ENSG00000105854,True,Frontal Lobe,Fisher_et_al
ENSG00000164938,True,Frontal Lobe,Fisher_et_al
ENSG00000133138,True,Frontal Lobe,Fisher_et_al
ENSG00000165458,True,Frontal Lobe,Fisher_et_al
ENSG00000128585,True,Frontal Lobe,Fisher_et_al
ENSG00000065243,True,Frontal Lobe,Fisher_et_al
ENSG00000140262,True,Frontal Lobe,Fisher_et_al
ENSG00000114166,True,Frontal Lobe,Fisher_et_al
ENSG00000133065,True,Frontal Lobe,Fisher_et_al
ENSG00000102547,True,Frontal Lobe,Fisher_et_al
ENSG00000104219,True,Frontal Lobe,Fisher_et_al
ENSG00000151208,True,Frontal Lobe,Fisher_et_al
ENSG00000106799,True,Frontal Lobe,Fisher_et_al
ENSG00000100852,True,Frontal Lobe,Fisher_et_al
ENSG00000139350,True,Frontal Lobe,Fisher_et_al
ENSG00000180801,True,Frontal Lobe,Fisher_et_al
ENSG00000081818,True,Frontal Lobe,Fisher_et_al
ENSG00000143970,True,Frontal Lobe,Fisher_et_al
ENSG00000144847,True,Frontal Lobe,Fisher_et_al
ENSG00000143384,True,Frontal Lobe,Fisher_et_al
ENSG00000100393,True,Frontal Lobe,Fisher_et_al
ENSG00000144445,True,Frontal Lobe,Fisher_et_al
ENSG00000055208,True,Frontal Lobe,Fisher_et_al
ENSG00000179604,True,Frontal Lobe,Fisher_et_al
ENSG00000183864,True,Frontal Lobe,Fisher_et_al
ENSG00000003402,True,Frontal Lobe,Fisher_et_al
ENSG00000198087,True,Frontal Lobe,Fisher_et_al
ENSG00000166801,True,Frontal Lobe,Fisher_et_al
ENSG00000147027,True,Frontal Lobe,Fisher_et_al
ENSG00000079691,True,Frontal Lobe,Fisher_et_al
ENSG00000011405,True,Frontal Lobe,Fisher_et_al
ENSG00000135540,True,Frontal Lobe,Fisher_et_al
ENSG00000079482,True,Frontal Lobe,Fisher_et_al
ENSG00000133812,True,Frontal Lobe,Fisher_et_al
ENSG00000143842,True,Frontal Lobe,Fisher_et_al
ENSG00000174306,True,Frontal Lobe,Fisher_et_al
ENSG00000027075,True,Frontal Lobe,Fisher_et_al
ENSG00000169439,True,Frontal Lobe,Fisher_et_al
ENSG00000173821,True,Frontal Lobe,Fisher_et_al
ENSG00000132825,True,Frontal Lobe,Fisher_et_al
ENSG00000158186,True,Frontal Lobe,Fisher_et_al
ENSG00000145685,True,Frontal Lobe,Fisher_et_al
ENSG00000044459,True,Frontal Lobe,Fisher_et_al
ENSG00000184005,True,Frontal Lobe,Fisher_et_al
ENSG00000176105,True,Frontal Lobe,Fisher_et_al
ENSG00000106080,True,Frontal Lobe,Fisher_et_al
ENSG00000130287,True,Frontal Lobe,Fisher_et_al
ENSG00000115183,True,Frontal Lobe,Fisher_et_al
ENSG00000128849,True,Frontal Lobe,Fisher_et_al
ENSG00000166263,True,Frontal Lobe,Fisher_et_al
ENSG00000163297,True,Frontal Lobe,Fisher_et_al
ENSG00000196247,True,Frontal Lobe,Fisher_et_al
ENSG00000137076,True,Frontal Lobe,Fisher_et_al
ENSG00000112333,True,Frontal Lobe,Fisher_et_al
ENSG00000126016,True,Frontal Lobe,Fisher_et_al
ENSG00000143409,True,Frontal Lobe,Fisher_et_al
ENSG00000146005,True,Frontal Lobe,Fisher_et_al
ENSG00000166341,True,Frontal Lobe,Fisher_et_al
ENSG00000162738,True,Frontal Lobe,Fisher_et_al
ENSG00000134376,True,Frontal Lobe,Fisher_et_al
ENSG00000138448,True,Frontal Lobe,Fisher_et_al
ENSG00000181449,True,Frontal Lobe,Fisher_et_al
ENSG00000180257,True,Frontal Lobe,Fisher_et_al
ENSG00000174705,True,Frontal Lobe,Fisher_et_al
ENSG00000205213,True,Frontal Lobe,Fisher_et_al
ENSG00000171791,True,Frontal Lobe,Fisher_et_al
ENSG00000113721,True,Frontal Lobe,Fisher_et_al
ENSG00000140575,True,Frontal Lobe,Fisher_et_al
ENSG00000120063,True,Frontal Lobe,Fisher_et_al
ENSG00000084093,True,Frontal Lobe,Fisher_et_al
ENSG00000166912,True,Frontal Lobe,Fisher_et_al
ENSG00000067141,True,Frontal Lobe,Fisher_et_al
ENSG00000100441,True,Frontal Lobe,Fisher_et_al
ENSG00000088826,True,Frontal Lobe,Fisher_et_al
ENSG00000168672,True,Frontal Lobe,Fisher_et_al
ENSG00000134769,True,Frontal Lobe,Fisher_et_al
ENSG00000116117,True,Frontal Lobe,Fisher_et_al
ENSG00000126785,True,Frontal Lobe,Fisher_et_al
ENSG00000103319,True,Frontal Lobe,Fisher_et_al
ENSG00000054654,True,Frontal Lobe,Fisher_et_al
ENSG00000178104,True,Frontal Lobe,Fisher_et_al
ENSG00000172380,True,Frontal Lobe,Fisher_et_al
ENSG00000078177,True,Frontal Lobe,Fisher_et_al
ENSG00000145555,True,Frontal Lobe,Fisher_et_al
ENSG00000163629,True,Frontal Lobe,Fisher_et_al
ENSG00000206190,True,Frontal Lobe,Fisher_et_al
ENSG00000100234,True,Frontal Lobe,Fisher_et_al
ENSG00000168918,True,Frontal Lobe,Fisher_et_al
ENSG00000067900,True,Frontal Lobe,Fisher_et_al
ENSG00000162909,True,Frontal Lobe,Fisher_et_al
ENSG00000188647,True,Frontal Lobe,Fisher_et_al
ENSG00000164292,True,Frontal Lobe,Fisher_et_al
ENSG00000139352,True,Frontal Lobe,Fisher_et_al
ENSG00000011114,True,Frontal Lobe,Fisher_et_al
ENSG00000205730,True,Frontal Lobe,Fisher_et_al
ENSG00000066056,True,Frontal Lobe,Fisher_et_al
ENSG00000213064,True,Frontal Lobe,Fisher_et_al
ENSG00000280670,True,Frontal Lobe,Fisher_et_al
ENSG00000123096,True,Frontal Lobe,Fisher_et_al
ENSG00000123094,True,Frontal Lobe,Fisher_et_al
ENSG00000147883,True,Frontal Lobe,Fisher_et_al
ENSG00000162944,True,Frontal Lobe,Fisher_et_al
ENSG00000171310,True,Frontal Lobe,Fisher_et_al
ENSG00000171940,True,Frontal Lobe,Fisher_et_al
ENSG00000137393,True,Frontal Lobe,Fisher_et_al
ENSG00000107104,True,Frontal Lobe,Fisher_et_al
ENSG00000145794,True,Frontal Lobe,Fisher_et_al
ENSG00000135837,True,Frontal Lobe,Fisher_et_al
ENSG00000166689,True,Frontal Lobe,Fisher_et_al
ENSG00000163083,True,Frontal Lobe,Fisher_et_al
ENSG00000120889,True,Frontal Lobe,Fisher_et_al
ENSG00000137962,True,Frontal Lobe,Fisher_et_al
ENSG00000105227,True,Frontal Lobe,Fisher_et_al
ENSG00000204301,True,Frontal Lobe,Fisher_et_al
ENSG00000103449,True,Frontal Lobe,Fisher_et_al
ENSG00000182963,True,Frontal Lobe,Fisher_et_al
ENSG00000102218,True,Frontal Lobe,Fisher_et_al
ENSG00000163110,True,Frontal Lobe,Fisher_et_al
ENSG00000092820,True,Frontal Lobe,Fisher_et_al
ENSG00000144655,True,Frontal Lobe,Fisher_et_al
ENSG00000141639,True,Frontal Lobe,Fisher_et_al
ENSG00000171316,True,Frontal Lobe,Fisher_et_al
ENSG00000055609,True,Frontal Lobe,Fisher_et_al
ENSG00000158467,True,Frontal Lobe,Fisher_et_al
ENSG00000180537,True,Frontal Lobe,Fisher_et_al
ENSG00000150907,True,Frontal Lobe,Fisher_et_al
ENSG00000053524,True,Frontal Lobe,Fisher_et_al
ENSG00000131724,True,Frontal Lobe,Fisher_et_al
ENSG00000129566,True,Frontal Lobe,Fisher_et_al
ENSG00000171100,True,Frontal Lobe,Fisher_et_al
ENSG00000152527,True,Frontal Lobe,Fisher_et_al
ENSG00000172493,True,Frontal Lobe,Fisher_et_al
ENSG00000137145,True,Frontal Lobe,Fisher_et_al
ENSG00000111907,True,Frontal Lobe,Fisher_et_al
ENSG00000197256,True,Frontal Lobe,Fisher_et_al
ENSG00000129493,True,Frontal Lobe,Fisher_et_al
ENSG00000092470,True,Frontal Lobe,Fisher_et_al
ENSG00000171444,True,Frontal Lobe,Fisher_et_al
ENSG00000165810,True,Frontal Lobe,Fisher_et_al
ENSG00000156925,True,Frontal Lobe,Fisher_et_al
ENSG00000111859,True,Frontal Lobe,Fisher_et_al
ENSG00000205336,True,Frontal Lobe,Fisher_et_al
ENSG00000196935,True,Frontal Lobe,Fisher_et_al
ENSG00000155980,True,Frontal Lobe,Fisher_et_al
ENSG00000180660,True,Frontal Lobe,Fisher_et_al
ENSG00000056972,True,Frontal Lobe,Fisher_et_al
ENSG00000138193,True,Frontal Lobe,Fisher_et_al
ENSG00000118707,True,Frontal Lobe,Fisher_et_al
ENSG00000172037,True,Frontal Lobe,Fisher_et_al
ENSG00000081059,True,Frontal Lobe,Fisher_et_al
ENSG00000173548,True,Frontal Lobe,Fisher_et_al
ENSG00000018408,True,Frontal Lobe,Fisher_et_al
ENSG00000142611,True,Frontal Lobe,Fisher_et_al
ENSG00000162367,True,Frontal Lobe,Fisher_et_al
ENSG00000135678,True,Frontal Lobe,Fisher_et_al
ENSG00000172201,True,Frontal Lobe,Fisher_et_al
ENSG00000119927,True,Frontal Lobe,Fisher_et_al
ENSG00000150457,True,Frontal Lobe,Fisher_et_al
ENSG00000089472,True,Frontal Lobe,Fisher_et_al
ENSG00000112851,True,Frontal Lobe,Fisher_et_al
ENSG00000155324,True,Frontal Lobe,Fisher_et_al
ENSG00000186951,True,Frontal Lobe,Fisher_et_al
ENSG00000163285,True,Frontal Lobe,Fisher_et_al
ENSG00000165185,True,Frontal Lobe,Fisher_et_al
ENSG00000157890,True,Frontal Lobe,Fisher_et_al
ENSG00000145779,True,Frontal Lobe,Fisher_et_al
ENSG00000198732,True,Frontal Lobe,Fisher_et_al
ENSG00000109906,True,Frontal Lobe,Fisher_et_al
ENSG00000144802,True,Frontal Lobe,Fisher_et_al
ENSG00000043355,True,Frontal Lobe,Fisher_et_al
ENSG00000149289,True,Frontal Lobe,Fisher_et_al
ENSG00000083857,True,Frontal Lobe,Fisher_et_al
ENSG00000162407,True,Frontal Lobe,Fisher_et_al
ENSG00000184384,True,Frontal Lobe,Fisher_et_al
ENSG00000100504,True,Frontal Lobe,Fisher_et_al
ENSG00000144909,True,Frontal Lobe,Fisher_et_al
ENSG00000103241,True,Frontal Lobe,Fisher_et_al
ENSG00000145246,True,Frontal Lobe,Fisher_et_al
ENSG00000254726,True,Frontal Lobe,Fisher_et_al
ENSG00000144749,True,Frontal Lobe,Fisher_et_al
ENSG00000115825,True,Frontal Lobe,Fisher_et_al
ENSG00000081320,True,Frontal Lobe,Fisher_et_al
ENSG00000197779,True,Frontal Lobe,Fisher_et_al
ENSG00000144908,True,Frontal Lobe,Fisher_et_al
ENSG00000155760,True,Frontal Lobe,Fisher_et_al
ENSG00000101542,True,Frontal Lobe,Fisher_et_al
ENSG00000145012,True,Frontal Lobe,Fisher_et_al
ENSG00000262655,True,Frontal Lobe,Fisher_et_al
ENSG00000114790,True,Frontal Lobe,Fisher_et_al
ENSG00000145390,True,Frontal Lobe,Fisher_et_al
ENSG00000030419,True,Frontal Lobe,Fisher_et_al
ENSG00000104447,True,Frontal Lobe,Fisher_et_al
ENSG00000177119,True,Frontal Lobe,Fisher_et_al
ENSG00000196739,True,Frontal Lobe,Fisher_et_al
ENSG00000138696,True,Frontal Lobe,Fisher_et_al
ENSG00000213949,True,Frontal Lobe,Fisher_et_al
ENSG00000120690,True,Frontal Lobe,Fisher_et_al
ENSG00000271383,True,Frontal Lobe,Fisher_et_al
ENSG00000134215,True,Frontal Lobe,Fisher_et_al
ENSG00000185432,True,Frontal Lobe,Fisher_et_al
ENSG00000077943,True,Frontal Lobe,Fisher_et_al
ENSG00000185920,True,Frontal Lobe,Fisher_et_al
ENSG00000187079,True,Frontal Lobe,Fisher_et_al
ENSG00000076067,True,Frontal Lobe,Fisher_et_al
ENSG00000106278,True,Frontal Lobe,Fisher_et_al
ENSG00000124782,True,Frontal Lobe,Fisher_et_al
ENSG00000101871,True,Frontal Lobe,Fisher_et_al
ENSG00000120129,True,Frontal Lobe,Fisher_et_al
ENSG00000170370,True,Frontal Lobe,Fisher_et_al
ENSG00000132164,True,Frontal Lobe,Fisher_et_al
ENSG00000113594,True,Frontal Lobe,Fisher_et_al
ENSG00000180884,True,Frontal Lobe,Fisher_et_al
ENSG00000111783,True,Frontal Lobe,Fisher_et_al
ENSG00000241399,True,Frontal Lobe,Fisher_et_al
ENSG00000152952,True,Frontal Lobe,Fisher_et_al
ENSG00000016391,True,Frontal Lobe,Fisher_et_al
ENSG00000162520,True,Frontal Lobe,Fisher_et_al
ENSG00000076555,True,Frontal Lobe,Fisher_et_al
ENSG00000163884,True,Frontal Lobe,Fisher_et_al
ENSG00000102755,True,Frontal Lobe,Fisher_et_al
ENSG00000139263,True,Frontal Lobe,Fisher_et_al
ENSG00000165983,True,Frontal Lobe,Fisher_et_al
ENSG00000101974,True,Frontal Lobe,Fisher_et_al
ENSG00000122863,True,Frontal Lobe,Fisher_et_al
ENSG00000130052,True,Frontal Lobe,Fisher_et_al
ENSG00000155380,True,Frontal Lobe,Fisher_et_al
ENSG00000144426,True,Frontal Lobe,Fisher_et_al
ENSG00000198429,True,Frontal Lobe,Fisher_et_al
ENSG00000146192,True,Frontal Lobe,Fisher_et_al
ENSG00000111961,True,Frontal Lobe,Fisher_et_al
ENSG00000131781,True,Frontal Lobe,Fisher_et_al
ENSG00000203952,True,Frontal Lobe,Fisher_et_al
ENSG00000125733,True,Frontal Lobe,Fisher_et_al
ENSG00000008311,True,Frontal Lobe,Fisher_et_al
ENSG00000127249,True,Frontal Lobe,Fisher_et_al
ENSG00000164406,True,Frontal Lobe,Fisher_et_al
ENSG00000253305,True,Frontal Lobe,Fisher_et_al
ENSG00000079215,True,Frontal Lobe,Fisher_et_al
ENSG00000072840,True,Frontal Lobe,Fisher_et_al
ENSG00000119737,True,Frontal Lobe,Fisher_et_al
ENSG00000143603,True,Frontal Lobe,Fisher_et_al
ENSG00000273136,True,Frontal Lobe,Fisher_et_al
ENSG00000183579,True,Frontal Lobe,Fisher_et_al
ENSG00000256463,True,Frontal Lobe,Fisher_et_al
ENSG00000143127,True,Frontal Lobe,Fisher_et_al
ENSG00000153822,True,Frontal Lobe,Fisher_et_al
ENSG00000031081,True,Frontal Lobe,Fisher_et_al
ENSG00000254245,True,Frontal Lobe,Fisher_et_al
ENSG00000157833,True,Frontal Lobe,Fisher_et_al
ENSG00000205364,True,Frontal Lobe,Fisher_et_al
ENSG00000182240,True,Frontal Lobe,Fisher_et_al
ENSG00000139800,True,Frontal Lobe,Fisher_et_al
ENSG00000118503,True,Frontal Lobe,Fisher_et_al
ENSG00000270629,True,Frontal Lobe,Fisher_et_al
ENSG00000134294,True,Frontal Lobe,Fisher_et_al
ENSG00000165449,True,Frontal Lobe,Fisher_et_al
ENSG00000100906,True,Frontal Lobe,Fisher_et_al
ENSG00000153208,True,Frontal Lobe,Fisher_et_al
ENSG00000240184,True,Frontal Lobe,Fisher_et_al
ENSG00000101096,True,Frontal Lobe,Fisher_et_al
ENSG00000143772,True,Frontal Lobe,Fisher_et_al
ENSG00000146674,True,Frontal Lobe,Fisher_et_al
ENSG00000183943,True,Frontal Lobe,Fisher_et_al
ENSG00000138379,True,Frontal Lobe,Fisher_et_al
ENSG00000271425,True,Frontal Lobe,Fisher_et_al
ENSG00000145358,True,Frontal Lobe,Fisher_et_al
ENSG00000168209,True,Frontal Lobe,Fisher_et_al
ENSG00000137693,True,Frontal Lobe,Fisher_et_al
ENSG00000165029,True,Frontal Lobe,Fisher_et_al
ENSG00000132256,True,Frontal Lobe,Fisher_et_al
ENSG00000148498,True,Frontal Lobe,Fisher_et_al
ENSG00000110900,True,Frontal Lobe,Fisher_et_al
ENSG00000135111,True,Frontal Lobe,Fisher_et_al
ENSG00000107968,True,Frontal Lobe,Fisher_et_al
ENSG00000007933,True,Frontal Lobe,Fisher_et_al
ENSG00000042062,True,Frontal Lobe,Fisher_et_al
ENSG00000186439,True,Frontal Lobe,Fisher_et_al
ENSG00000251493,True,Frontal Lobe,Fisher_et_al
ENSG00000146648,True,Frontal Lobe,Fisher_et_al
ENSG00000123104,True,Frontal Lobe,Fisher_et_al
ENSG00000038427,True,Frontal Lobe,Fisher_et_al
ENSG00000178175,True,Frontal Lobe,Fisher_et_al
ENSG00000175287,True,Frontal Lobe,Fisher_et_al
ENSG00000175556,True,Frontal Lobe,Fisher_et_al
ENSG00000016602,True,Frontal Lobe,Fisher_et_al
ENSG00000181722,True,Frontal Lobe,Fisher_et_al
ENSG00000121966,True,Frontal Lobe,Fisher_et_al
ENSG00000134569,True,Frontal Lobe,Fisher_et_al
ENSG00000168874,True,Frontal Lobe,Fisher_et_al
ENSG00000188783,True,Frontal Lobe,Fisher_et_al
ENSG00000105967,True,Frontal Lobe,Fisher_et_al
ENSG00000105855,True,Frontal Lobe,Fisher_et_al
ENSG00000187527,True,Frontal Lobe,Fisher_et_al
ENSG00000198682,True,Frontal Lobe,Fisher_et_al
ENSG00000163406,True,Frontal Lobe,Fisher_et_al
ENSG00000178075,True,Frontal Lobe,Fisher_et_al
ENSG00000166292,True,Frontal Lobe,Fisher_et_al
ENSG00000105366,True,Frontal Lobe,Fisher_et_al
ENSG00000092969,True,Frontal Lobe,Fisher_et_al
ENSG00000004799,True,Frontal Lobe,Fisher_et_al
ENSG00000166535,True,Frontal Lobe,Fisher_et_al
ENSG00000102362,True,Frontal Lobe,Fisher_et_al
ENSG00000087510,True,Frontal Lobe,Fisher_et_al
ENSG00000077238,True,Frontal Lobe,Fisher_et_al
ENSG00000173040,True,Frontal Lobe,Fisher_et_al
ENSG00000074047,True,Frontal Lobe,Fisher_et_al
ENSG00000177076,True,Frontal Lobe,Fisher_et_al
ENSG00000196329,True,Frontal Lobe,Fisher_et_al
ENSG00000197471,True,Frontal Lobe,Fisher_et_al
ENSG00000124942,True,Frontal Lobe,Fisher_et_al
ENSG00000178878,True,Frontal Lobe,Fisher_et_al
ENSG00000276043,True,Frontal Lobe,Fisher_et_al
ENSG00000148482,True,Frontal Lobe,Fisher_et_al
ENSG00000090376,True,Frontal Lobe,Fisher_et_al
ENSG00000164188,True,Frontal Lobe,Fisher_et_al
ENSG00000003989,True,Frontal Lobe,Fisher_et_al
ENSG00000135378,True,Frontal Lobe,Fisher_et_al
ENSG00000176387,True,Frontal Lobe,Fisher_et_al
ENSG00000257335,True,Frontal Lobe,Fisher_et_al
ENSG00000134250,True,Frontal Lobe,Fisher_et_al
ENSG00000152936,True,Frontal Lobe,Fisher_et_al
ENSG00000105877,True,Frontal Lobe,Fisher_et_al
ENSG00000101187,True,Frontal Lobe,Fisher_et_al
ENSG00000111087,True,Frontal Lobe,Fisher_et_al
ENSG00000102359,True,Frontal Lobe,Fisher_et_al
ENSG00000142973,True,Frontal Lobe,Fisher_et_al
ENSG00000096060,True,Frontal Lobe,Fisher_et_al
ENSG00000124440,True,Frontal Lobe,Fisher_et_al
ENSG00000106366,True,Frontal Lobe,Fisher_et_al
ENSG00000173530,True,Frontal Lobe,Fisher_et_al
ENSG00000196616,True,Frontal Lobe,Fisher_et_al
ENSG00000169429,True,Frontal Lobe,Fisher_et_al
ENSG00000115112,True,Frontal Lobe,Fisher_et_al
ENSG00000163739,True,Frontal Lobe,Fisher_et_al
ENSG00000166523,True,Frontal Lobe,Fisher_et_al
ENSG00000090104,True,Frontal Lobe,Fisher_et_al
ENSG00000205403,True,Frontal Lobe,Marques-Coelho_et_al_MSSB_BA10
ENSG00000196411,True,Frontal Lobe,Marques-Coelho_et_al_MSSB_BA10
ENSG00000140497,True,Frontal Lobe,Marques-Coelho_et_al_MSSB_BA10
ENSG00000155980,True,Frontal Lobe,Marques-Coelho_et_al_MSSB_BA10
ENSG00000071054,True,Frontal Lobe,Marques-Coelho_et_al_MSSB_BA10
ENSG00000162104,True,Frontal Lobe,Marques-Coelho_et_al_MSSB_BA10
ENSG00000197256,True,Frontal Lobe,Marques-Coelho_et_al_MSSB_BA10
ENSG00000206395,True,Frontal Lobe,Marques-Coelho_et_al_MSSB_BA10
ENSG00000149451,True,Frontal Lobe,Marques-Coelho_et_al_MSSB_BA10
ENSG00000229524,True,Frontal Lobe,Marques-Coelho_et_al_MSSB_BA10
ENSG00000105329,True,Frontal Lobe,Marques-Coelho_et_al_MSSB_BA10
ENSG00000113916,True,Frontal Lobe,Marques-Coelho_et_al_MSSB_BA10
ENSG00000146535,True,Frontal Lobe,Marques-Coelho_et_al_MSSB_BA10
ENSG00000168918,True,Frontal Lobe,Marques-Coelho_et_al_MSSB_BA10
ENSG00000281614,True,Frontal Lobe,Marques-Coelho_et_al_MSSB_BA10
ENSG00000157978,True,Frontal Lobe,Marques-Coelho_et_al_MSSB_BA10
ENSG00000028137,True,Frontal Lobe,Marques-Coelho_et_al_MSSB_BA10
ENSG00000158195,True,Frontal Lobe,Marques-Coelho_et_al_MSSB_BA10
ENSG00000166927,True,Frontal Lobe,Marques-Coelho_et_al_MSSB_BA10
ENSG00000108798,True,Frontal Lobe,Marques-Coelho_et_al_MSSB_BA10
ENSG00000111181,True,Frontal Lobe,Marques-Coelho_et_al_MSSB_BA10
ENSG00000137198,True,Frontal Lobe,Marques-Coelho_et_al_MSSB_BA10
ENSG00000104472,True,Frontal Lobe,Marques-Coelho_et_al_MSSB_BA10
ENSG00000144063,True,Frontal Lobe,Marques-Coelho_et_al_MSSB_BA10
ENSG00000170891,True,Frontal Lobe,Marques-Coelho_et_al_MSSB_BA10
ENSG00000261371,True,Frontal Lobe,Marques-Coelho_et_al_MSSB_BA10
ENSG00000128849,True,Frontal Lobe,Marques-Coelho_et_al_MSSB_BA10
ENSG00000089159,True,Frontal Lobe,Marques-Coelho_et_al_MSSB_BA10
ENSG00000132688,True,Frontal Lobe,Marques-Coelho_et_al_MSSB_BA10
ENSG00000143772,True,Frontal Lobe,Marques-Coelho_et_al_MSSB_BA10
ENSG00000175334,True,Frontal Lobe,Marques-Coelho_et_al_MSSB_BA10
ENSG00000177051,True,Frontal Lobe,Marques-Coelho_et_al_MSSB_BA10
ENSG00000115461,True,Frontal Lobe,Marques-Coelho_et_al_MSSB_BA10
ENSG00000018408,True,Frontal Lobe,Marques-Coelho_et_al_MSSB_BA10
ENSG00000177105,True,Frontal Lobe,Marques-Coelho_et_al_MSSB_BA10
ENSG00000101096,True,Frontal Lobe,Marques-Coelho_et_al_MSSB_BA10
ENSG00000168961,True,Frontal Lobe,Marques-Coelho_et_al_MSSB_BA10
ENSG00000110324,True,Frontal Lobe,Marques-Coelho_et_al_MSSB_BA10
ENSG00000072501,True,Frontal Lobe,Marques-Coelho_et_al_MSSB_BA10
ENSG00000026025,True,Frontal Lobe,Marques-Coelho_et_al_MSSB_BA10
ENSG00000233139,True,Frontal Lobe,Marques-Coelho_et_al_MSSB_BA10
ENSG00000163132,True,Frontal Lobe,Marques-Coelho_et_al_MSSB_BA10
ENSG00000117115,True,Frontal Lobe,Marques-Coelho_et_al_MSSB_BA10
ENSG00000170439,True,Frontal Lobe,Marques-Coelho_et_al_MSSB_BA10
ENSG00000138795,True,Frontal Lobe,Marques-Coelho_et_al_MSSB_BA10
ENSG00000142669,True,Frontal Lobe,Marques-Coelho_et_al_MSSB_BA10
ENSG00000124942,True,Frontal Lobe,Marques-Coelho_et_al_MSSB_BA10
ENSG00000161714,True,Frontal Lobe,Marques-Coelho_et_al_MSSB_BA10
ENSG00000185650,True,Frontal Lobe,Marques-Coelho_et_al_MSSB_BA10
ENSG00000131095,True,Frontal Lobe,Marques-Coelho_et_al_MSSB_BA10
ENSG00000255072,True,Frontal Lobe,Marques-Coelho_et_al_MSSB_BA10
ENSG00000019582,True,Frontal Lobe,Marques-Coelho_et_al_MSSB_BA10
ENSG00000137818,True,Frontal Lobe,Marques-Coelho_et_al_MSSB_BA10
ENSG00000152518,True,Frontal Lobe,Marques-Coelho_et_al_MSSB_BA10
ENSG00000198774,True,Frontal Lobe,Marques-Coelho_et_al_MSSB_BA10
ENSG00000101972,True,Frontal Lobe,Marques-Coelho_et_al_MSSB_BA10
ENSG00000224389,True,Frontal Lobe,Marques-Coelho_et_al_MSSB_BA10
ENSG00000240429,True,Frontal Lobe,Marques-Coelho_et_al_MSSB_BA10
ENSG00000106624,True,Frontal Lobe,Marques-Coelho_et_al_MSSB_BA10
ENSG00000109846,True,Frontal Lobe,Marques-Coelho_et_al_MSSB_BA10
ENSG00000136938,True,Frontal Lobe,Marques-Coelho_et_al_MSSB_BA10
ENSG00000112539,True,Frontal Lobe,Marques-Coelho_et_al_MSSB_BA10
ENSG00000096433,True,Frontal Lobe,Marques-Coelho_et_al_MSSB_BA10
ENSG00000163191,True,Frontal Lobe,Marques-Coelho_et_al_MSSB_BA10
ENSG00000133067,True,Frontal Lobe,Marques-Coelho_et_al_MSSB_BA10
ENSG00000166928,True,Frontal Lobe,Marques-Coelho_et_al_MSSB_BA10
ENSG00000134817,True,Frontal Lobe,Marques-Coelho_et_al_MSSB_BA10
ENSG00000064393,True,Frontal Lobe,Marques-Coelho_et_al_MSSB_BA10
ENSG00000168309,True,Frontal Lobe,Marques-Coelho_et_al_MSSB_BA10
ENSG00000225164,True,Frontal Lobe,Marques-Coelho_et_al_MSSB_BA10
ENSG00000121570,True,Frontal Lobe,Marques-Coelho_et_al_MSSB_BA10
ENSG00000184258,True,Frontal Lobe,Marques-Coelho_et_al_MSSB_BA10
ENSG00000214688,True,Frontal Lobe,Marques-Coelho_et_al_MSSB_BA10
ENSG00000204936,True,Frontal Lobe,Marques-Coelho_et_al_MSSB_BA10
ENSG00000281123,True,Frontal Lobe,Marques-Coelho_et_al_MSSB_BA10
ENSG00000236523,True,Frontal Lobe,Marques-Coelho_et_al_MSSB_BA10
ENSG00000212907,True,Frontal Lobe,Marques-Coelho_et_al_MSSB_BA10
ENSG00000206403,True,Frontal Lobe,Marques-Coelho_et_al_MSSB_BA10
ENSG00000228267,True,Frontal Lobe,Marques-Coelho_et_al_MSSB_BA10
ENSG00000230475,True,Frontal Lobe,Marques-Coelho_et_al_MSSB_BA10
ENSG00000225630,True,Frontal Lobe,Marques-Coelho_et_al_MSSB_BA10
ENSG00000242221,True,Frontal Lobe,Marques-Coelho_et_al_MSSB_BA10
ENSG00000253488,True,Frontal Lobe,Marques-Coelho_et_al_MSSB_BA10
ENSG00000167110,True,Frontal Lobe,Marques-Coelho_et_al_MSSB_BA10
ENSG00000147488,True,Frontal Lobe,Marques-Coelho_et_al_MSSB_BA44
ENSG00000183801,True,Frontal Lobe,Marques-Coelho_et_al_MSSB_BA44
ENSG00000115267,True,Frontal Lobe,Marques-Coelho_et_al_MSSB_BA44
ENSG00000163513,True,Frontal Lobe,Marques-Coelho_et_al_MSSB_BA44
ENSG00000165309,True,Frontal Lobe,Marques-Coelho_et_al_MSSB_BA44
ENSG00000171812,True,Frontal Lobe,Marques-Coelho_et_al_MSSB_BA44
ENSG00000028116,True,Frontal Lobe,Marques-Coelho_et_al_MSSB_BA44
ENSG00000170439,True,Frontal Lobe,Marques-Coelho_et_al_MSSB_BA44
ENSG00000141338,True,Frontal Lobe,Marques-Coelho_et_al_MSSB_BA44
ENSG00000042304,True,Frontal Lobe,Marques-Coelho_et_al_MSSB_BA44
ENSG00000137965,True,Frontal Lobe,Marques-Coelho_et_al_MSSB_BA44
ENSG00000273675,True,Frontal Lobe,Marques-Coelho_et_al_MSSB_BA44
ENSG00000156535,True,Frontal Lobe,Marques-Coelho_et_al_MSSB_BA44
ENSG00000172215,True,Frontal Lobe,Marques-Coelho_et_al_MSSB_BA44
ENSG00000133106,True,Frontal Lobe,Marques-Coelho_et_al_MSSB_BA44
ENSG00000235347,True,Frontal Lobe,Marques-Coelho_et_al_MSSB_BA44
ENSG00000188039,True,Frontal Lobe,Marques-Coelho_et_al_MSSB_BA44
ENSG00000188060,True,Frontal Lobe,Marques-Coelho_et_al_MSSB_BA44
ENSG00000169403,True,Frontal Lobe,Marques-Coelho_et_al_MSSB_BA44
ENSG00000131386,True,Frontal Lobe,Marques-Coelho_et_al_MSSB_BA44
ENSG00000236015,True,Frontal Lobe,Marques-Coelho_et_al_MSSB_BA44
ENSG00000235396,True,Frontal Lobe,Marques-Coelho_et_al_MSSB_BA44
ENSG00000128284,True,Frontal Lobe,Marques-Coelho_et_al_MSSB_BA44
ENSG00000139263,True,Frontal Lobe,Marques-Coelho_et_al_MSSB_BA44
ENSG00000257315,True,Frontal Lobe,Marques-Coelho_et_al_MSSB_BA44
ENSG00000106823,True,Frontal Lobe,Marques-Coelho_et_al_MSSB_BA44
ENSG00000267361,True,Frontal Lobe,Marques-Coelho_et_al_MSSB_BA44
ENSG00000104894,True,Frontal Lobe,Marques-Coelho_et_al_MSSB_BA44
ENSG00000216613,True,Frontal Lobe,Marques-Coelho_et_al_MSSB_BA44
ENSG00000163814,True,Frontal Lobe,Marques-Coelho_et_al_MSSB_BA44
ENSG00000164530,True,Frontal Lobe,Marques-Coelho_et_al_MSSB_BA44
ENSG00000100292,True,Frontal Lobe,Marques-Coelho_et_al_MSSB_BA44
ENSG00000217488,True,Frontal Lobe,Marques-Coelho_et_al_MSSB_BA44
ENSG00000283945,True,Frontal Lobe,Marques-Coelho_et_al_MSSB_BA44
ENSG00000008226,True,Frontal Lobe,Marques-Coelho_et_al_MSSB_BA44
ENSG00000137198,True,Frontal Lobe,Marques-Coelho_et_al_MSSB_BA44
ENSG00000112893,True,Frontal Lobe,Marques-Coelho_et_al_MSSB_BA44
ENSG00000111335,True,Frontal Lobe,Marques-Coelho_et_al_MSSB_BA44
ENSG00000124942,True,Frontal Lobe,Marques-Coelho_et_al_MSSB_BA44
ENSG00000218676,True,Frontal Lobe,Marques-Coelho_et_al_MSSB_BA44
ENSG00000162367,True,Frontal Lobe,Marques-Coelho_et_al_MSSB_BA44
ENSG00000250473,True,Frontal Lobe,Marques-Coelho_et_al_MSSB_BA44
ENSG00000180662,True,Frontal Lobe,Marques-Coelho_et_al_MSSB_BA44
ENSG00000113073,True,Frontal Lobe,Marques-Coelho_et_al_MSSB_BA44
ENSG00000224370,True,Frontal Lobe,Marques-Coelho_et_al_MSSB_BA44
ENSG00000070731,True,Frontal Lobe,Marques-Coelho_et_al_MSSB_BA44
ENSG00000220660,True,Frontal Lobe,Marques-Coelho_et_al_MSSB_BA44
ENSG00000270270,True,Frontal Lobe,Marques-Coelho_et_al_MSSB_BA44
ENSG00000110446,True,Frontal Lobe,Marques-Coelho_et_al_MSSB_BA44
ENSG00000276276,True,Frontal Lobe,Marques-Coelho_et_al_MSSB_BA44
ENSG00000117318,True,Frontal Lobe,Marques-Coelho_et_al_MSSB_BA44
ENSG00000283060,True,Frontal Lobe,Marques-Coelho_et_al_MSSB_BA44
ENSG00000164708,True,Frontal Lobe,Marques-Coelho_et_al_MSSB_BA44
ENSG00000254413,True,Frontal Lobe,Marques-Coelho_et_al_MSSB_BA44
ENSG00000234776,True,Frontal Lobe,Marques-Coelho_et_al_MSSB_BA44
ENSG00000183943,True,Frontal Lobe,Marques-Coelho_et_al_MSSB_BA44
ENSG00000239280,True,Frontal Lobe,Marques-Coelho_et_al_MSSB_BA44
ENSG00000072694,True,Frontal Lobe,Marques-Coelho_et_al_MSSB_BA44
ENSG00000164674,True,Frontal Lobe,Marques-Coelho_et_al_MSSB_BA44
ENSG00000220614,True,Frontal Lobe,Marques-Coelho_et_al_MSSB_BA44
ENSG00000154262,True,Frontal Lobe,Marques-Coelho_et_al_MSSB_BA44
ENSG00000226436,True,Frontal Lobe,Marques-Coelho_et_al_MSSB_BA44
ENSG00000270911,True,Frontal Lobe,Marques-Coelho_et_al_MSSB_BA44
ENSG00000218428,True,Frontal Lobe,Marques-Coelho_et_al_MSSB_BA44
ENSG00000271500,True,Frontal Lobe,Marques-Coelho_et_al_MSSB_BA44
ENSG00000285310,True,Frontal Lobe,Marques-Coelho_et_al_MSSB_BA44
ENSG00000214954,True,Frontal Lobe,Marques-Coelho_et_al_MSSB_BA44
ENSG00000284858,True,Frontal Lobe,Marques-Coelho_et_al_MSSB_BA44
ENSG00000137959,True,Frontal Lobe,Marques-Coelho_et_al_MSSB_BA44
ENSG00000114204,True,Frontal Lobe,Marques-Coelho_et_al_MSSB_BA44
ENSG00000179348,True,Frontal Lobe,Marques-Coelho_et_al_MSSB_BA44
ENSG00000187762,True,Frontal Lobe,Marques-Coelho_et_al_MSSB_BA44
ENSG00000105011,True,Frontal Lobe,Marques-Coelho_et_al_MSSB_BA44
ENSG00000236460,True,Frontal Lobe,Marques-Coelho_et_al_MSSB_BA44
ENSG00000000938,True,Frontal Lobe,Marques-Coelho_et_al_MSSB_BA44
ENSG00000180638,True,Frontal Lobe,Marques-Coelho_et_al_MSSB_BA44
ENSG00000239463,True,Frontal Lobe,Marques-Coelho_et_al_MSSB_BA44
ENSG00000242685,True,Frontal Lobe,Marques-Coelho_et_al_MSSB_BA44
ENSG00000243189,True,Frontal Lobe,Marques-Coelho_et_al_MSSB_BA44
ENSG00000243215,True,Frontal Lobe,Marques-Coelho_et_al_MSSB_BA44
ENSG00000243719,True,Frontal Lobe,Marques-Coelho_et_al_MSSB_BA44
ENSG00000219565,True,Frontal Lobe,Marques-Coelho_et_al_MSSB_BA44
ENSG00000243256,True,Frontal Lobe,Marques-Coelho_et_al_MSSB_BA44
ENSG00000180549,True,Frontal Lobe,Marques-Coelho_et_al_MSSB_BA44
ENSG00000213176,True,Frontal Lobe,Marques-Coelho_et_al_MSSB_BA44
ENSG00000278384,True,Frontal Lobe,Marques-Coelho_et_al_MSSB_BA44
ENSG00000166682,True,Frontal Lobe,Marques-Coelho_et_al_MSSB_BA44
ENSG00000282379,True,Frontal Lobe,Marques-Coelho_et_al_MSSB_BA44
ENSG00000147437,True,Frontal Lobe,Marques-Coelho_et_al_MSSB_BA44
ENSG00000243663,True,Frontal Lobe,Marques-Coelho_et_al_MSSB_BA44
ENSG00000284817,True,Frontal Lobe,Marques-Coelho_et_al_MSSB_BA44
ENSG00000223974,True,Frontal Lobe,Marques-Coelho_et_al_MSSB_BA44
ENSG00000234060,True,Frontal Lobe,Marques-Coelho_et_al_MSSB_BA44
ENSG00000261970,True,Frontal Lobe,Marques-Coelho_et_al_MSSB_BA44
ENSG00000214264,True,Frontal Lobe,Marques-Coelho_et_al_MSSB_BA44
ENSG00000240534,True,Frontal Lobe,Marques-Coelho_et_al_MSSB_BA44
ENSG00000174963,True,Frontal Lobe,Marques-Coelho_et_al_MSSB_BA44
ENSG00000275562,True,Frontal Lobe,Marques-Coelho_et_al_MSSB_BA44
ENSG00000227536,True,Frontal Lobe,Marques-Coelho_et_al_MSSB_BA44
ENSG00000168874,True,Frontal Lobe,Marques-Coelho_et_al_MSSB_BA44
ENSG00000214322,True,Frontal Lobe,Marques-Coelho_et_al_MSSB_BA44
ENSG00000176387,True,Frontal Lobe,Marques-Coelho_et_al_MSSB_BA44
ENSG00000180229,True,Frontal Lobe,Marques-Coelho_et_al_MSSB_BA44
ENSG00000236397,True,Frontal Lobe,Marques-Coelho_et_al_MSSB_BA44
ENSG00000197057,True,Frontal Lobe,Marques-Coelho_et_al_MSSB_BA44
ENSG00000258980,True,Frontal Lobe,Marques-Coelho_et_al_MSSB_BA44
ENSG00000205403,True,Frontal Lobe,Marques-Coelho_et_al_MSSB_BA44
ENSG00000226284,True,Frontal Lobe,Marques-Coelho_et_al_MSSB_BA44
ENSG00000212695,True,Frontal Lobe,Marques-Coelho_et_al_MSSB_BA44
ENSG00000251493,True,Frontal Lobe,Marques-Coelho_et_al_MSSB_BA44
ENSG00000131095,True,Frontal Lobe,Marques-Coelho_et_al_MSSB_BA44
ENSG00000134817,True,Frontal Lobe,Marques-Coelho_et_al_MSSB_BA44
ENSG00000163581,True,Frontal Lobe,Marques-Coelho_et_al_MSSB_BA44
ENSG00000229456,True,Frontal Lobe,Marques-Coelho_et_al_MSSB_BA44
ENSG00000105519,True,Frontal Lobe,Marques-Coelho_et_al_MSSB_BA44
ENSG00000249068,True,Frontal Lobe,Marques-Coelho_et_al_MSSB_BA44
ENSG00000267166,True,Frontal Lobe,Marques-Coelho_et_al_MSSB_BA44
ENSG00000224389,True,Frontal Lobe,Marques-Coelho_et_al_MSSB_BA44
ENSG00000255255,True,Frontal Lobe,Marques-Coelho_et_al_MSSB_BA44
ENSG00000170345,True,Frontal Lobe,Marques-Coelho_et_al_MSSB_BA44
ENSG00000249138,True,Frontal Lobe,Marques-Coelho_et_al_MSSB_BA44
ENSG00000274162,True,Frontal Lobe,Marques-Coelho_et_al_MSSB_BA44
ENSG00000261936,True,Frontal Lobe,Marques-Coelho_et_al_MSSB_BA44
ENSG00000282537,True,Frontal Lobe,Marques-Coelho_et_al_MSSB_BA44
ENSG00000164488,True,Frontal Lobe,Marques-Coelho_et_al_MSSB_BA44
ENSG00000214535,True,Frontal Lobe,Marques-Coelho_et_al_MSSB_BA44
ENSG00000233388,True,Frontal Lobe,Marques-Coelho_et_al_MSSB_BA44
ENSG00000222585,True,Frontal Lobe,Marques-Coelho_et_al_MSSB_BA44
ENSG00000088827,True,Frontal Lobe,Marques-Coelho_et_al_MSSB_BA44
ENSG00000188488,True,Frontal Lobe,Marques-Coelho_et_al_MSSB_BA44
ENSG00000249337,True,Frontal Lobe,Marques-Coelho_et_al_MSSB_BA44
ENSG00000149257,True,Frontal Lobe,Marques-Coelho_et_al_MSSB_BA44
ENSG00000112539,True,Frontal Lobe,Marques-Coelho_et_al_MSSB_BA44
ENSG00000260382,True,Frontal Lobe,Marques-Coelho_et_al_MSSB_BA44
ENSG00000228454,True,Frontal Lobe,Marques-Coelho_et_al_MSSB_BA44
ENSG00000230280,True,Frontal Lobe,Marques-Coelho_et_al_MSSB_BA44
ENSG00000238188,True,Frontal Lobe,Marques-Coelho_et_al_MSSB_BA44
ENSG00000160948,True,Frontal Lobe,Marques-Coelho_et_al_MSSB_BA44
ENSG00000259505,True,Frontal Lobe,Marques-Coelho_et_al_MSSB_BA44
ENSG00000162598,True,Frontal Lobe,Marques-Coelho_et_al_MSSB_BA44
ENSG00000129654,True,Frontal Lobe,Marques-Coelho_et_al_MSSB_BA44
ENSG00000214688,True,Frontal Lobe,Marques-Coelho_et_al_MSSB_BA44
ENSG00000205835,True,Frontal Lobe,Marques-Coelho_et_al_MSSB_BA44
ENSG00000166928,True,Frontal Lobe,Marques-Coelho_et_al_MSSB_BA44
ENSG00000273259,True,Frontal Lobe,Marques-Coelho_et_al_MSSB_BA44
ENSG00000238040,True,Frontal Lobe,Marques-Coelho_et_al_MSSB_BA44
ENSG00000248305,True,Frontal Lobe,Marques-Coelho_et_al_MSSB_BA44
ENSG00000198774,True,Frontal Lobe,Marques-Coelho_et_al_MSSB_BA44
ENSG00000012223,True,Frontal Lobe,Marques-Coelho_et_al_MSSB_BA44
ENSG00000223980,True,Frontal Lobe,Marques-Coelho_et_al_MSSB_BA44
ENSG00000138755,True,Frontal Lobe,Marques-Coelho_et_al_MSSB_BA44
ENSG00000253488,True,Frontal Lobe,Marques-Coelho_et_al_MSSB_BA44
ENSG00000177807,True,Frontal Lobe,Marques-Coelho_et_al_ROSMAP
ENSG00000242689,True,Frontal Lobe,Marques-Coelho_et_al_ROSMAP
ENSG00000126803,True,Frontal Lobe,Marques-Coelho_et_al_ROSMAP
ENSG00000016602,True,Frontal Lobe,Marques-Coelho_et_al_ROSMAP
ENSG00000142227,True,Frontal Lobe,Marques-Coelho_et_al_ROSMAP
ENSG00000159176,True,Frontal Lobe,Marques-Coelho_et_al_ROSMAP
ENSG00000275993,True,Frontal Lobe,Marques-Coelho_et_al_ROSMAP
ENSG00000219755,True,Frontal Lobe,Marques-Coelho_et_al_ROSMAP
ENSG00000249577,True,Frontal Lobe,Marques-Coelho_et_al_ROSMAP
ENSG00000160862,True,Frontal Lobe,Marques-Coelho_et_al_ROSMAP
ENSG00000176046,True,Frontal Lobe,Marques-Coelho_et_al_ROSMAP
ENSG00000277494,True,Frontal Lobe,Marques-Coelho_et_al_ROSMAP
ENSG00000234776,True,Frontal Lobe,Marques-Coelho_et_al_ROSMAP
ENSG00000091879,True,Frontal Lobe,Marques-Coelho_et_al_ROSMAP
ENSG00000184599,True,Frontal Lobe,Marques-Coelho_et_al_ROSMAP
ENSG00000196900,True,Frontal Lobe,Marques-Coelho_et_al_ROSMAP
ENSG00000188763,True,Frontal Lobe,Marques-Coelho_et_al_ROSMAP
ENSG00000256162,True,Frontal Lobe,Marques-Coelho_et_al_ROSMAP
ENSG00000270978,True,Frontal Lobe,Marques-Coelho_et_al_ROSMAP
ENSG00000235233,True,Frontal Lobe,Marques-Coelho_et_al_ROSMAP
ENSG00000187513,True,Frontal Lobe,Marques-Coelho_et_al_ROSMAP
ENSG00000123405,True,Frontal Lobe,Marques-Coelho_et_al_ROSMAP
ENSG00000143772,True,Frontal Lobe,Marques-Coelho_et_al_ROSMAP
ENSG00000104901,True,Frontal Lobe,Marques-Coelho_et_al_ROSMAP
ENSG00000251493,True,Frontal Lobe,Marques-Coelho_et_al_ROSMAP
ENSG00000125878,True,Frontal Lobe,Marques-Coelho_et_al_ROSMAP
ENSG00000132514,True,Frontal Lobe,Marques-Coelho_et_al_ROSMAP
ENSG00000120729,True,Frontal Lobe,Marques-Coelho_et_al_ROSMAP
ENSG00000185053,True,Frontal Lobe,Marques-Coelho_et_al_ROSMAP
ENSG00000105643,True,Frontal Lobe,Marques-Coelho_et_al_ROSMAP
ENSG00000188783,True,Frontal Lobe,Marques-Coelho_et_al_ROSMAP
ENSG00000042062,True,Frontal Lobe,Marques-Coelho_et_al_ROSMAP
ENSG00000074219,True,Frontal Lobe,Marques-Coelho_et_al_ROSMAP
ENSG00000129654,True,Frontal Lobe,Marques-Coelho_et_al_ROSMAP
ENSG00000145832,True,Frontal Lobe,Marques-Coelho_et_al_ROSMAP
ENSG00000170891,True,Frontal Lobe,Marques-Coelho_et_al_ROSMAP
ENSG00000178343,True,Frontal Lobe,Marques-Coelho_et_al_ROSMAP
ENSG00000180229,True,Frontal Lobe,Marques-Coelho_et_al_ROSMAP
ENSG00000123610,True,Frontal Lobe,Marques-Coelho_et_al_ROSMAP
ENSG00000183963,True,Frontal Lobe,Marques-Coelho_et_al_ROSMAP
ENSG00000176387,True,Frontal Lobe,Marques-Coelho_et_al_ROSMAP
ENSG00000131095,True,Frontal Lobe,Marques-Coelho_et_al_ROSMAP
ENSG00000105655,True,Frontal Lobe,Marques-Coelho_et_al_ROSMAP
ENSG00000267206,True,Frontal Lobe,Marques-Coelho_et_al_ROSMAP
ENSG00000166682,True,Frontal Lobe,Marques-Coelho_et_al_ROSMAP
ENSG00000102362,True,Frontal Lobe,Marques-Coelho_et_al_ROSMAP
ENSG00000183615,True,Frontal Lobe,Marques-Coelho_et_al_ROSMAP
ENSG00000225824,True,Frontal Lobe,Marques-Coelho_et_al_ROSMAP
ENSG00000086159,True,Frontal Lobe,Marques-Coelho_et_al_ROSMAP
ENSG00000135736,True,Frontal Lobe,Marques-Coelho_et_al_ROSMAP
ENSG00000185022,True,Frontal Lobe,Marques-Coelho_et_al_ROSMAP
ENSG00000117122,True,Frontal Lobe,Marques-Coelho_et_al_ROSMAP
ENSG00000011426,True,Frontal Lobe,Marques-Coelho_et_al_ROSMAP
ENSG00000204403,True,Frontal Lobe,Marques-Coelho_et_al_ROSMAP
ENSG00000125144,True,Frontal Lobe,Marques-Coelho_et_al_ROSMAP
ENSG00000283787,True,Frontal Lobe,Marques-Coelho_et_al_ROSMAP
ENSG00000186510,True,Frontal Lobe,Marques-Coelho_et_al_ROSMAP
ENSG00000214313,True,Frontal Lobe,Marques-Coelho_et_al_ROSMAP
ENSG00000205358,True,Frontal Lobe,Marques-Coelho_et_al_ROSMAP
ENSG00000161896,True,Frontal Lobe,Marques-Coelho_et_al_ROSMAP
ENSG00000111087,True,Frontal Lobe,Marques-Coelho_et_al_ROSMAP
ENSG00000124253,True,Frontal Lobe,Marques-Coelho_et_al_ROSMAP
ENSG00000145358,True,Frontal Lobe,Marques-Coelho_et_al_ROSMAP
ENSG00000175287,True,Frontal Lobe,Marques-Coelho_et_al_ROSMAP
ENSG00000196517,True,Frontal Lobe,Marques-Coelho_et_al_ROSMAP
ENSG00000234518,True,Frontal Lobe,Marques-Coelho_et_al_ROSMAP
ENSG00000168209,True,Frontal Lobe,Marques-Coelho_et_al_ROSMAP
ENSG00000101187,True,Frontal Lobe,Marques-Coelho_et_al_ROSMAP
ENSG00000181885,True,Frontal Lobe,Marques-Coelho_et_al_ROSMAP
ENSG00000125733,True,Frontal Lobe,Marques-Coelho_et_al_ROSMAP
ENSG00000164949,True,Frontal Lobe,Marques-Coelho_et_al_ROSMAP
ENSG00000111181,True,Frontal Lobe,Marques-Coelho_et_al_ROSMAP
ENSG00000172935,True,Frontal Lobe,Marques-Coelho_et_al_ROSMAP
ENSG00000275290,True,Frontal Lobe,Marques-Coelho_et_al_ROSMAP
ENSG00000146013,True,Frontal Lobe,Marques-Coelho_et_al_ROSMAP
ENSG00000138722,True,Frontal Lobe,Marques-Coelho_et_al_ROSMAP
ENSG00000157833,True,Frontal Lobe,Marques-Coelho_et_al_ROSMAP
ENSG00000255437,True,Frontal Lobe,Marques-Coelho_et_al_ROSMAP
ENSG00000260549,True,Frontal Lobe,Marques-Coelho_et_al_ROSMAP
ENSG00000101197,True,Frontal Lobe,Marques-Coelho_et_al_ROSMAP
ENSG00000162843,True,Frontal Lobe,Marques-Coelho_et_al_ROSMAP
ENSG00000158865,True,Frontal Lobe,Marques-Coelho_et_al_ROSMAP
ENSG00000145777,True,Frontal Lobe,Marques-Coelho_et_al_ROSMAP
ENSG00000255986,True,Frontal Lobe,Marques-Coelho_et_al_ROSMAP
ENSG00000198417,True,Frontal Lobe,Marques-Coelho_et_al_ROSMAP
ENSG00000125531,True,Frontal Lobe,Marques-Coelho_et_al_ROSMAP
ENSG00000258635,True,Frontal Lobe,Marques-Coelho_et_al_ROSMAP
ENSG00000171388,True,Frontal Lobe,Marques-Coelho_et_al_ROSMAP
ENSG00000273686,True,Frontal Lobe,Marques-Coelho_et_al_ROSMAP
ENSG00000171219,True,Frontal Lobe,Marques-Coelho_et_al_ROSMAP
ENSG00000145839,True,Frontal Lobe,Marques-Coelho_et_al_ROSMAP
ENSG00000104415,True,Frontal Lobe,Marques-Coelho_et_al_ROSMAP
ENSG00000214940,True,Frontal Lobe,Marques-Coelho_et_al_ROSMAP
ENSG00000117091,True,Frontal Lobe,Marques-Coelho_et_al_ROSMAP
ENSG00000124875,True,Frontal Lobe,Marques-Coelho_et_al_ROSMAP
ENSG00000163737,True,Frontal Lobe,Marques-Coelho_et_al_ROSMAP
ENSG00000170608,True,Frontal Lobe,Marques-Coelho_et_al_ROSMAP
ENSG00000259882,True,Frontal Lobe,Marques-Coelho_et_al_ROSMAP
ENSG00000217078,True,Frontal Lobe,Marques-Coelho_et_al_ROSMAP
ENSG00000204428,True,Frontal Lobe,Marques-Coelho_et_al_ROSMAP
ENSG00000121966,True,Frontal Lobe,Marques-Coelho_et_al_ROSMAP
ENSG00000188488,True,Frontal Lobe,Marques-Coelho_et_al_ROSMAP
ENSG00000088836,True,Frontal Lobe,Marques-Coelho_et_al_ROSMAP
ENSG00000236136,True,Frontal Lobe,Marques-Coelho_et_al_ROSMAP
ENSG00000196154,True,Frontal Lobe,Marques-Coelho_et_al_ROSMAP
ENSG00000224608,True,Frontal Lobe,Marques-Coelho_et_al_ROSMAP
ENSG00000138755,True,Frontal Lobe,Marques-Coelho_et_al_ROSMAP
ENSG00000237379,True,Frontal Lobe,Marques-Coelho_et_al_ROSMAP
ENSG00000012223,True,Frontal Lobe,Marques-Coelho_et_al_ROSMAP
ENSG00000198744,True,Frontal Lobe,Marques-Coelho_et_al_ROSMAP
ENSG00000237022,True,Frontal Lobe,Marques-Coelho_et_al_ROSMAP
ENSG00000236884,True,Frontal Lobe,Marques-Coelho_et_al_ROSMAP
ENSG00000142227,True,Frontal Lobe,Panitch_et_al
ENSG00000168743,True,Frontal Lobe,Panitch_et_al
ENSG00000088836,True,Frontal Lobe,Panitch_et_al
ENSG00000223953,True,Frontal Lobe,Panitch_et_al
ENSG00000196517,True,Frontal Lobe,Panitch_et_al
ENSG00000256577,True,Frontal Lobe,Panitch_et_al
ENSG00000188783,True,Frontal Lobe,Panitch_et_al
ENSG00000157833,True,Frontal Lobe,Panitch_et_al
ENSG00000105655,True,Frontal Lobe,Panitch_et_al
ENSG00000125733,True,Frontal Lobe,Panitch_et_al
ENSG00000197256,True,Frontal Lobe,Panitch_et_al
ENSG00000259196,True,Frontal Lobe,Panitch_et_al
ENSG00000254445,True,Frontal Lobe,Panitch_et_al
ENSG00000036565,True,Frontal Lobe,Panitch_et_al
ENSG00000236609,True,Frontal Lobe,Panitch_et_al
ENSG00000251442,True,Frontal Lobe,Panitch_et_al
ENSG00000196154,True,Frontal Lobe,Panitch_et_al
ENSG00000146966,True,Frontal Lobe,Panitch_et_al
ENSG00000228548,True,Frontal Lobe,Panitch_et_al
ENSG00000149451,True,Frontal Lobe,Panitch_et_al
ENSG00000256508,True,Frontal Lobe,Panitch_et_al
ENSG00000174306,True,Frontal Lobe,Panitch_et_al
ENSG00000256007,True,Frontal Lobe,Panitch_et_al
ENSG00000100075,True,Frontal Lobe,Panitch_et_al
ENSG00000087116,True,Frontal Lobe,Panitch_et_al
ENSG00000165801,True,Frontal Lobe,Panitch_et_al
ENSG00000111328,True,Frontal Lobe,Panitch_et_al
ENSG00000227317,True,Frontal Lobe,Panitch_et_al
ENSG00000292150,True,Frontal Lobe,Panitch_et_al
ENSG00000256661,True,Frontal Lobe,Panitch_et_al
ENSG00000234693,True,Frontal Lobe,Panitch_et_al
ENSG00000185499,True,Frontal Lobe,Panitch_et_al
ENSG00000183963,True,Frontal Lobe,Panitch_et_al
ENSG00000166831,True,Frontal Lobe,Panitch_et_al
ENSG00000238123,True,Frontal Lobe,Panitch_et_al
ENSG00000224536,True,Frontal Lobe,Panitch_et_al
ENSG00000188488,True,Frontal Lobe,Panitch_et_al
ENSG00000111642,True,Frontal Lobe,Panitch_et_al
ENSG00000106665,True,Frontal Lobe,Panitch_et_al
ENSG00000131097,True,Frontal Lobe,Panitch_et_al
ENSG00000158169,True,Frontal Lobe,Panitch_et_al
ENSG00000100906,True,Frontal Lobe,Panitch_et_al
ENSG00000162889,True,Frontal Lobe,Panitch_et_al
ENSG00000131095,True,Frontal Lobe,Panitch_et_al
ENSG00000184481,True,Frontal Lobe,Panitch_et_al
ENSG00000074219,True,Frontal Lobe,Panitch_et_al
ENSG00000231105,True,Frontal Lobe,Panitch_et_al
ENSG00000181284,True,Frontal Lobe,Panitch_et_al
ENSG00000105137,True,Frontal Lobe,Panitch_et_al
ENSG00000143127,True,Frontal Lobe,Panitch_et_al
ENSG00000176046,True,Frontal Lobe,Panitch_et_al
ENSG00000132613,True,Frontal Lobe,Panitch_et_al
ENSG00000135862,True,Frontal Lobe,Panitch_et_al
ENSG00000160685,True,Frontal Lobe,Panitch_et_al
ENSG00000151552,True,Frontal Lobe,Panitch_et_al
ENSG00000134802,True,Frontal Lobe,Panitch_et_al
ENSG00000198324,True,Frontal Lobe,Panitch_et_al
ENSG00000137076,True,Frontal Lobe,Panitch_et_al
ENSG00000196739,True,Frontal Lobe,Panitch_et_al
ENSG00000135736,True,Frontal Lobe,Panitch_et_al
ENSG00000119403,True,Frontal Lobe,Panitch_et_al
ENSG00000179954,True,Frontal Lobe,Panitch_et_al
ENSG00000218018,True,Frontal Lobe,Panitch_et_al
ENSG00000272933,True,Frontal Lobe,Panitch_et_al
ENSG00000158156,True,Frontal Lobe,Panitch_et_al
ENSG00000164050,True,Frontal Lobe,Panitch_et_al
ENSG00000112039,True,Frontal Lobe,Panitch_et_al
ENSG00000164889,True,Frontal Lobe,Panitch_et_al
ENSG00000285774,True,Frontal Lobe,Panitch_et_al
ENSG00000086159,True,Frontal Lobe,Panitch_et_al
ENSG00000258096,True,Frontal Lobe,Panitch_et_al
ENSG00000224729,True,Frontal Lobe,Panitch_et_al
ENSG00000111961,True,Frontal Lobe,Panitch_et_al
ENSG00000182902,True,Frontal Lobe,Panitch_et_al
ENSG00000123136,True,Frontal Lobe,Panitch_et_al
ENSG00000131669,True,Frontal Lobe,Panitch_et_al
ENSG00000269959,True,Frontal Lobe,Panitch_et_al
ENSG00000183723,True,Frontal Lobe,Panitch_et_al
ENSG00000177697,True,Frontal Lobe,Panitch_et_al
ENSG00000183621,True,Frontal Lobe,Panitch_et_al
ENSG00000175287,True,Frontal Lobe,Panitch_et_al
ENSG00000154188,True,Frontal Lobe,Panitch_et_al
ENSG00000070778,True,Frontal Lobe,Panitch_et_al
ENSG00000213859,True,Frontal Lobe,Panitch_et_al
ENSG00000116661,True,Frontal Lobe,Panitch_et_al
ENSG00000258555,True,Frontal Lobe,Panitch_et_al
ENSG00000126226,True,Frontal Lobe,Panitch_et_al
ENSG00000012223,True,Frontal Lobe,Panitch_et_al
ENSG00000167676,True,Frontal Lobe,Panitch_et_al
ENSG00000111602,True,Frontal Lobe,Panitch_et_al
ENSG00000174705,True,Frontal Lobe,Panitch_et_al
ENSG00000183196,True,Frontal Lobe,Panitch_et_al
ENSG00000074964,True,Frontal Lobe,Panitch_et_al
ENSG00000157399,True,Frontal Lobe,Panitch_et_al
ENSG00000148204,True,Frontal Lobe,Panitch_et_al
ENSG00000141858,True,Frontal Lobe,Panitch_et_al
ENSG00000188763,True,Frontal Lobe,Panitch_et_al
ENSG00000164850,True,Frontal Lobe,Panitch_et_al
ENSG00000169957,True,Frontal Lobe,Panitch_et_al
ENSG00000179314,True,Frontal Lobe,Panitch_et_al
ENSG00000230084,True,Frontal Lobe,Panitch_et_al
ENSG00000166592,True,Frontal Lobe,Panitch_et_al
ENSG00000130669,True,Frontal Lobe,Panitch_et_al
ENSG00000225063,True,Frontal Lobe,Panitch_et_al
ENSG00000072501,True,Frontal Lobe,Panitch_et_al
ENSG00000214530,True,Frontal Lobe,Panitch_et_al
ENSG00000088826,True,Frontal Lobe,Panitch_et_al
ENSG00000125753,True,Frontal Lobe,Panitch_et_al
ENSG00000169105,True,Frontal Lobe,Panitch_et_al
ENSG00000227456,True,Frontal Lobe,Panitch_et_al
ENSG00000280802,True,Frontal Lobe,Panitch_et_al
ENSG00000100227,True,Frontal Lobe,Panitch_et_al
ENSG00000122786,True,Frontal Lobe,Panitch_et_al
ENSG00000213445,True,Frontal Lobe,Panitch_et_al
ENSG00000183615,True,Frontal Lobe,Panitch_et_al
ENSG00000188039,True,Frontal Lobe,Panitch_et_al
ENSG00000122986,True,Frontal Lobe,Panitch_et_al
ENSG00000182103,True,Frontal Lobe,Panitch_et_al
ENSG00000173641,True,Frontal Lobe,Panitch_et_al
ENSG00000261758,True,Frontal Lobe,Panitch_et_al
ENSG00000268894,True,Frontal Lobe,Panitch_et_al
ENSG00000125148,True,Frontal Lobe,Panitch_et_al
ENSG00000179241,True,Frontal Lobe,Panitch_et_al
ENSG00000106351,True,Frontal Lobe,Panitch_et_al
ENSG00000250116,True,Frontal Lobe,Panitch_et_al
ENSG00000205929,True,Frontal Lobe,Panitch_et_al
ENSG00000129654,True,Frontal Lobe,Panitch_et_al
ENSG00000171388,True,Frontal Lobe,Panitch_et_al
ENSG00000285533,True,Frontal Lobe,Panitch_et_al
ENSG00000108349,True,Frontal Lobe,Panitch_et_al
ENSG00000198417,True,Frontal Lobe,Panitch_et_al
ENSG00000119950,True,Frontal Lobe,Panitch_et_al
ENSG00000244286,True,Frontal Lobe,Panitch_et_al
ENSG00000064961,True,Frontal Lobe,Panitch_et_al
ENSG00000280548,True,Frontal Lobe,Panitch_et_al
ENSG00000183773,True,Frontal Lobe,Panitch_et_al
ENSG00000135414,True,Frontal Lobe,Panitch_et_al
ENSG00000174680,True,Frontal Lobe,Panitch_et_al
ENSG00000103653,True,Frontal Lobe,Panitch_et_al
ENSG00000162144,True,Frontal Lobe,Panitch_et_al
ENSG00000140931,True,Frontal Lobe,Panitch_et_al
ENSG00000112312,True,Frontal Lobe,Panitch_et_al
ENSG00000168884,True,Frontal Lobe,Panitch_et_al
ENSG00000198624,True,Frontal Lobe,Panitch_et_al
ENSG00000228267,True,Frontal Lobe,Panitch_et_al
ENSG00000143157,True,Frontal Lobe,Panitch_et_al
ENSG00000163132,True,Frontal Lobe,Panitch_et_al
ENSG00000108262,True,Frontal Lobe,Panitch_et_al
ENSG00000274287,True,Frontal Lobe,Panitch_et_al
ENSG00000206404,True,Frontal Lobe,Panitch_et_al
ENSG00000140564,True,Frontal Lobe,Panitch_et_al
ENSG00000055070,True,Frontal Lobe,Panitch_et_al
ENSG00000079999,True,Frontal Lobe,Panitch_et_al
ENSG00000100811,True,Frontal Lobe,Panitch_et_al
ENSG00000130283,True,Frontal Lobe,Panitch_et_al
ENSG00000236753,True,Frontal Lobe,Panitch_et_al
ENSG00000143545,True,Frontal Lobe,Panitch_et_al
ENSG00000241852,True,Frontal Lobe,Panitch_et_al
ENSG00000285485,True,Frontal Lobe,Panitch_et_al
ENSG00000168994,True,Frontal Lobe,Panitch_et_al
ENSG00000228672,True,Frontal Lobe,Panitch_et_al
ENSG00000178803,True,Frontal Lobe,Panitch_et_al
ENSG00000099381,True,Frontal Lobe,Panitch_et_al
ENSG00000225076,True,Frontal Lobe,Panitch_et_al
ENSG00000185761,True,Frontal Lobe,Panitch_et_al
ENSG00000142694,True,Frontal Lobe,Panitch_et_al
ENSG00000164684,True,Frontal Lobe,Panitch_et_al
ENSG00000267082,True,Frontal Lobe,Panitch_et_al
ENSG00000166503,True,Frontal Lobe,Panitch_et_al
ENSG00000227046,True,Frontal Lobe,Panitch_et_al
ENSG00000106404,True,Frontal Lobe,Panitch_et_al
ENSG00000010310,True,Frontal Lobe,Panitch_et_al
ENSG00000006327,True,Frontal Lobe,Panitch_et_al
ENSG00000231948,True,Frontal Lobe,Panitch_et_al
ENSG00000284571,True,Frontal Lobe,Panitch_et_al
ENSG00000125637,True,Frontal Lobe,Panitch_et_al
ENSG00000105643,True,Frontal Lobe,Panitch_et_al
ENSG00000021300,True,Frontal Lobe,Panitch_et_al
ENSG00000166716,True,Frontal Lobe,Panitch_et_al
ENSG00000139352,True,Frontal Lobe,Panitch_et_al
ENSG00000291105,True,Frontal Lobe,Panitch_et_al
ENSG00000235246,True,Frontal Lobe,Panitch_et_al
ENSG00000153822,True,Frontal Lobe,Panitch_et_al
ENSG00000226386,True,Frontal Lobe,Panitch_et_al
ENSG00000173801,True,Frontal Lobe,Panitch_et_al
ENSG00000247993,True,Frontal Lobe,Panitch_et_al
ENSG00000100300,True,Frontal Lobe,Panitch_et_al
ENSG00000270959,True,Frontal Lobe,Panitch_et_al
ENSG00000256235,True,Frontal Lobe,Panitch_et_al
ENSG00000127530,True,Frontal Lobe,Panitch_et_al
ENSG00000154274,True,Frontal Lobe,Panitch_et_al
ENSG00000137478,True,Frontal Lobe,Panitch_et_al
ENSG00000179632,True,Frontal Lobe,Panitch_et_al
ENSG00000203952,True,Frontal Lobe,Panitch_et_al
ENSG00000135678,True,Frontal Lobe,Panitch_et_al
ENSG00000158186,True,Frontal Lobe,Panitch_et_al
ENSG00000090661,True,Frontal Lobe,Panitch_et_al
ENSG00000163884,True,Frontal Lobe,Panitch_et_al
ENSG00000140682,True,Frontal Lobe,Panitch_et_al
ENSG00000168487,True,Frontal Lobe,Panitch_et_al
ENSG00000133789,True,Frontal Lobe,Panitch_et_al
ENSG00000007384,True,Frontal Lobe,Panitch_et_al
ENSG00000283808,True,Frontal Lobe,Panitch_et_al
ENSG00000140368,True,Frontal Lobe,Panitch_et_al
ENSG00000070731,True,Frontal Lobe,Panitch_et_al
ENSG00000163820,True,Frontal Lobe,Panitch_et_al
ENSG00000104324,True,Frontal Lobe,Panitch_et_al
ENSG00000149782,True,Frontal Lobe,Panitch_et_al
ENSG00000090554,True,Frontal Lobe,Panitch_et_al
ENSG00000142961,True,Frontal Lobe,Panitch_et_al
ENSG00000231924,True,Frontal Lobe,Panitch_et_al
ENSG00000136205,True,Frontal Lobe,Panitch_et_al
ENSG00000133195,True,Frontal Lobe,Panitch_et_al
ENSG00000106078,True,Frontal Lobe,Panitch_et_al
ENSG00000149489,True,Frontal Lobe,Panitch_et_al
ENSG00000177807,True,Frontal Lobe,Panitch_et_al
ENSG00000161714,True,Frontal Lobe,Panitch_et_al
ENSG00000170759,True,Frontal Lobe,Panitch_et_al
ENSG00000127946,True,Frontal Lobe,Panitch_et_al
ENSG00000183580,True,Frontal Lobe,Panitch_et_al
ENSG00000113721,True,Frontal Lobe,Panitch_et_al
ENSG00000167716,True,Frontal Lobe,Panitch_et_al
ENSG00000177469,True,Frontal Lobe,Panitch_et_al
ENSG00000234196,True,Frontal Lobe,Panitch_et_al
ENSG00000166272,True,Frontal Lobe,Panitch_et_al
ENSG00000126785,True,Frontal Lobe,Panitch_et_al
ENSG00000206340,True,Frontal Lobe,Panitch_et_al
ENSG00000105672,True,Frontal Lobe,Panitch_et_al
ENSG00000128274,True,Frontal Lobe,Panitch_et_al
ENSG00000100242,True,Frontal Lobe,Panitch_et_al
ENSG00000115353,True,Frontal Lobe,Panitch_et_al
ENSG00000198816,True,Frontal Lobe,Panitch_et_al
ENSG00000150281,True,Frontal Lobe,Panitch_et_al
ENSG00000124126,True,Frontal Lobe,Panitch_et_al
ENSG00000227438,True,Frontal Lobe,Panitch_et_al
ENSG00000205978,True,Frontal Lobe,Panitch_et_al
ENSG00000248714,True,Frontal Lobe,Panitch_et_al
ENSG00000259073,True,Frontal Lobe,Panitch_et_al
ENSG00000119630,True,Frontal Lobe,Panitch_et_al
ENSG00000123143,True,Frontal Lobe,Panitch_et_al
ENSG00000169397,True,Frontal Lobe,Panitch_et_al
ENSG00000184669,True,Frontal Lobe,Panitch_et_al
ENSG00000237512,True,Frontal Lobe,Panitch_et_al
ENSG00000068976,True,Frontal Lobe,Panitch_et_al
ENSG00000204070,True,Frontal Lobe,Panitch_et_al
ENSG00000011426,True,Frontal Lobe,Panitch_et_al
ENSG00000164406,True,Frontal Lobe,Panitch_et_al
ENSG00000158825,True,Frontal Lobe,Panitch_et_al
ENSG00000148411,True,Frontal Lobe,Panitch_et_al
ENSG00000233893,True,Frontal Lobe,Panitch_et_al
ENSG00000053702,True,Frontal Lobe,Panitch_et_al
ENSG00000170439,True,Frontal Lobe,Panitch_et_al
ENSG00000181090,True,Frontal Lobe,Panitch_et_al
ENSG00000062822,True,Frontal Lobe,Panitch_et_al
ENSG00000236559,True,Frontal Lobe,Panitch_et_al
ENSG00000146834,True,Frontal Lobe,Panitch_et_al
ENSG00000168874,True,Frontal Lobe,Panitch_et_al
ENSG00000269961,True,Frontal Lobe,Panitch_et_al
ENSG00000198952,True,Frontal Lobe,Panitch_et_al
ENSG00000112511,True,Frontal Lobe,Panitch_et_al
ENSG00000117280,True,Frontal Lobe,Panitch_et_al
ENSG00000137693,True,Frontal Lobe,Panitch_et_al
ENSG00000251045,True,Frontal Lobe,Panitch_et_al
ENSG00000166289,True,Frontal Lobe,Panitch_et_al
ENSG00000196576,True,Frontal Lobe,Panitch_et_al
ENSG00000117266,True,Frontal Lobe,Panitch_et_al
ENSG00000175215,True,Frontal Lobe,Panitch_et_al
ENSG00000173548,True,Frontal Lobe,Panitch_et_al
ENSG00000237424,True,Frontal Lobe,Panitch_et_al
ENSG00000124615,True,Frontal Lobe,Panitch_et_al
ENSG00000258086,True,Frontal Lobe,Panitch_et_al
ENSG00000292149,True,Frontal Lobe,Panitch_et_al
ENSG00000102221,True,Frontal Lobe,Panitch_et_al
ENSG00000112139,True,Frontal Lobe,Panitch_et_al
ENSG00000257702,True,Frontal Lobe,Panitch_et_al
ENSG00000165886,True,Frontal Lobe,Panitch_et_al
ENSG00000166188,True,Frontal Lobe,Panitch_et_al
ENSG00000118515,True,Frontal Lobe,Panitch_et_al
ENSG00000172081,True,Frontal Lobe,Panitch_et_al
ENSG00000103126,True,Frontal Lobe,Panitch_et_al
ENSG00000185340,True,Frontal Lobe,Panitch_et_al
ENSG00000291796,True,Frontal Lobe,Panitch_et_al
ENSG00000104415,True,Frontal Lobe,Panitch_et_al
ENSG00000281887,True,Frontal Lobe,Panitch_et_al
ENSG00000212712,True,Frontal Lobe,Panitch_et_al
ENSG00000273129,True,Frontal Lobe,Panitch_et_al
ENSG00000032444,True,Frontal Lobe,Panitch_et_al
ENSG00000197956,True,Frontal Lobe,Panitch_et_al
ENSG00000080573,True,Frontal Lobe,Panitch_et_al
ENSG00000184371,True,Frontal Lobe,Panitch_et_al
ENSG00000132688,True,Frontal Lobe,Panitch_et_al
ENSG00000280563,True,Frontal Lobe,Panitch_et_al
ENSG00000132522,True,Frontal Lobe,Panitch_et_al
ENSG00000105559,True,Frontal Lobe,Panitch_et_al
ENSG00000176387,True,Frontal Lobe,Panitch_et_al
ENSG00000167994,True,Frontal Lobe,Panitch_et_al
ENSG00000179627,True,Frontal Lobe,Panitch_et_al
ENSG00000236188,True,Frontal Lobe,Panitch_et_al
ENSG00000187961,True,Frontal Lobe,Panitch_et_al
ENSG00000175832,True,Frontal Lobe,Panitch_et_al
ENSG00000166444,True,Frontal Lobe,Panitch_et_al
ENSG00000142039,True,Frontal Lobe,Panitch_et_al
ENSG00000102547,True,Frontal Lobe,Panitch_et_al
ENSG00000081913,True,Frontal Lobe,Panitch_et_al
ENSG00000154832,True,Frontal Lobe,Panitch_et_al
ENSG00000269019,True,Frontal Lobe,Panitch_et_al
ENSG00000143303,True,Frontal Lobe,Panitch_et_al
ENSG00000011114,True,Frontal Lobe,Panitch_et_al
ENSG00000187867,True,Frontal Lobe,Panitch_et_al
ENSG00000167193,True,Frontal Lobe,Panitch_et_al
ENSG00000115596,True,Frontal Lobe,Panitch_et_al
ENSG00000259116,True,Frontal Lobe,Panitch_et_al
ENSG00000237853,True,Frontal Lobe,Panitch_et_al
ENSG00000146535,True,Frontal Lobe,Panitch_et_al
ENSG00000241985,True,Frontal Lobe,Panitch_et_al
ENSG00000165821,True,Frontal Lobe,Panitch_et_al
ENSG00000165632,True,Frontal Lobe,Panitch_et_al
ENSG00000205476,True,Frontal Lobe,Panitch_et_al
ENSG00000273265,True,Frontal Lobe,Panitch_et_al
ENSG00000108784,True,Frontal Lobe,Panitch_et_al
ENSG00000166224,True,Frontal Lobe,Panitch_et_al
ENSG00000240429,True,Frontal Lobe,Panitch_et_al
ENSG00000101868,True,Frontal Lobe,Panitch_et_al
ENSG00000274847,True,Frontal Lobe,Panitch_et_al
ENSG00000034152,True,Frontal Lobe,Panitch_et_al
ENSG00000196405,True,Frontal Lobe,Panitch_et_al
ENSG00000117592,True,Frontal Lobe,Panitch_et_al
ENSG00000258498,True,Frontal Lobe,Panitch_et_al
ENSG00000226237,True,Frontal Lobe,Panitch_et_al
ENSG00000160801,True,Frontal Lobe,Panitch_et_al
ENSG00000169715,True,Frontal Lobe,Panitch_et_al
ENSG00000228058,True,Frontal Lobe,Panitch_et_al
ENSG00000166333,True,Frontal Lobe,Panitch_et_al
ENSG00000160796,True,Frontal Lobe,Panitch_et_al
ENSG00000137809,True,Frontal Lobe,Panitch_et_al
ENSG00000016391,True,Frontal Lobe,Panitch_et_al
ENSG00000168890,True,Frontal Lobe,Panitch_et_al
ENSG00000111087,True,Frontal Lobe,Panitch_et_al
ENSG00000186834,True,Frontal Lobe,Panitch_et_al
ENSG00000175591,True,Frontal Lobe,Panitch_et_al
ENSG00000187535,True,Frontal Lobe,Panitch_et_al
ENSG00000177732,True,Frontal Lobe,Panitch_et_al
ENSG00000111907,True,Frontal Lobe,Panitch_et_al
ENSG00000166130,True,Frontal Lobe,Panitch_et_al
ENSG00000160862,True,Frontal Lobe,Panitch_et_al
ENSG00000236028,True,Frontal Lobe,Panitch_et_al
ENSG00000136732,True,Frontal Lobe,Panitch_et_al
ENSG00000198429,True,Frontal Lobe,Panitch_et_al
ENSG00000105983,True,Frontal Lobe,Panitch_et_al
ENSG00000167173,True,Frontal Lobe,Panitch_et_al
ENSG00000166508,True,Frontal Lobe,Panitch_et_al
ENSG00000097007,True,Frontal Lobe,Panitch_et_al
ENSG00000256940,True,Frontal Lobe,Panitch_et_al
ENSG00000168672,True,Frontal Lobe,Panitch_et_al
ENSG00000087510,True,Frontal Lobe,Panitch_et_al
ENSG00000184634,True,Frontal Lobe,Panitch_et_al
ENSG00000257950,True,Frontal Lobe,Panitch_et_al
ENSG00000106624,True,Frontal Lobe,Panitch_et_al
ENSG00000197892,True,Frontal Lobe,Panitch_et_al
ENSG00000225472,True,Frontal Lobe,Panitch_et_al
ENSG00000213398,True,Frontal Lobe,Panitch_et_al
ENSG00000094916,True,Frontal Lobe,Panitch_et_al
ENSG00000160410,True,Frontal Lobe,Panitch_et_al
ENSG00000103710,True,Frontal Lobe,Panitch_et_al
ENSG00000223355,True,Frontal Lobe,Panitch_et_al
ENSG00000117318,True,Frontal Lobe,Panitch_et_al
ENSG00000204120,True,Frontal Lobe,Panitch_et_al
ENSG00000267280,True,Frontal Lobe,Panitch_et_al
ENSG00000277496,True,Frontal Lobe,Panitch_et_al
ENSG00000141524,True,Frontal Lobe,Panitch_et_al
ENSG00000178209,True,Frontal Lobe,Panitch_et_al
ENSG00000140497,True,Frontal Lobe,Panitch_et_al
ENSG00000168309,True,Frontal Lobe,Panitch_et_al
ENSG00000136114,True,Frontal Lobe,Panitch_et_al
ENSG00000092621,True,Frontal Lobe,Panitch_et_al
ENSG00000109501,True,Frontal Lobe,Panitch_et_al
ENSG00000223817,True,Frontal Lobe,Panitch_et_al
ENSG00000156218,True,Frontal Lobe,Panitch_et_al
ENSG00000011304,True,Frontal Lobe,Panitch_et_al
ENSG00000197245,True,Frontal Lobe,Panitch_et_al
ENSG00000165185,True,Frontal Lobe,Panitch_et_al
ENSG00000176124,True,Frontal Lobe,Panitch_et_al
ENSG00000291387,True,Frontal Lobe,Panitch_et_al
ENSG00000168067,True,Frontal Lobe,Panitch_et_al
ENSG00000170275,True,Frontal Lobe,Panitch_et_al
ENSG00000157657,True,Frontal Lobe,Panitch_et_al
ENSG00000187630,True,Frontal Lobe,Panitch_et_al
ENSG00000125817,True,Frontal Lobe,Panitch_et_al
ENSG00000102362,True,Frontal Lobe,Panitch_et_al
ENSG00000182175,True,Frontal Lobe,Panitch_et_al
ENSG00000105552,True,Frontal Lobe,Panitch_et_al
ENSG00000283979,True,Frontal Lobe,Panitch_et_al
ENSG00000101849,True,Frontal Lobe,Panitch_et_al
ENSG00000167117,True,Frontal Lobe,Panitch_et_al
ENSG00000116117,True,Frontal Lobe,Panitch_et_al
ENSG00000261481,True,Frontal Lobe,Panitch_et_al
ENSG00000166912,True,Frontal Lobe,Panitch_et_al
ENSG00000134769,True,Frontal Lobe,Panitch_et_al
ENSG00000165959,True,Frontal Lobe,Panitch_et_al
ENSG00000229847,True,Frontal Lobe,Panitch_et_al
ENSG00000205364,True,Frontal Lobe,Panitch_et_al
ENSG00000143842,True,Frontal Lobe,Panitch_et_al
ENSG00000204682,True,Frontal Lobe,Panitch_et_al
ENSG00000251632,True,Frontal Lobe,Panitch_et_al
ENSG00000179855,True,Frontal Lobe,Panitch_et_al
ENSG00000132329,True,Frontal Lobe,Panitch_et_al
ENSG00000183153,True,Frontal Lobe,Panitch_et_al
ENSG00000155313,True,Frontal Lobe,Panitch_et_al
ENSG00000184809,True,Frontal Lobe,Panitch_et_al
ENSG00000251154,True,Frontal Lobe,Panitch_et_al
ENSG00000143409,True,Frontal Lobe,Panitch_et_al
ENSG00000141096,True,Frontal Lobe,Panitch_et_al
ENSG00000260944,True,Frontal Lobe,Panitch_et_al
ENSG00000100364,True,Frontal Lobe,Panitch_et_al
ENSG00000267281,True,Frontal Lobe,Panitch_et_al
ENSG00000186298,True,Frontal Lobe,Panitch_et_al
ENSG00000134453,True,Frontal Lobe,Panitch_et_al
ENSG00000149922,True,Frontal Lobe,Panitch_et_al
ENSG00000255857,True,Frontal Lobe,Panitch_et_al
ENSG00000276482,True,Frontal Lobe,Panitch_et_al
ENSG00000152049,True,Frontal Lobe,Panitch_et_al
ENSG00000155366,True,Frontal Lobe,Panitch_et_al
ENSG00000212643,True,Frontal Lobe,Panitch_et_al
ENSG00000128849,True,Frontal Lobe,Panitch_et_al
ENSG00000184486,True,Frontal Lobe,Panitch_et_al
ENSG00000137177,True,Frontal Lobe,Panitch_et_al
ENSG00000009954,True,Frontal Lobe,Panitch_et_al
ENSG00000088827,True,Frontal Lobe,Panitch_et_al
ENSG00000177426,True,Frontal Lobe,Panitch_et_al
ENSG00000157978,True,Frontal Lobe,Panitch_et_al
ENSG00000275911,True,Frontal Lobe,Panitch_et_al
ENSG00000263627,True,Frontal Lobe,Panitch_et_al
ENSG00000158246,True,Frontal Lobe,Panitch_et_al
ENSG00000175970,True,Frontal Lobe,Panitch_et_al
ENSG00000254703,True,Frontal Lobe,Panitch_et_al
ENSG00000115282,True,Frontal Lobe,Panitch_et_al
ENSG00000150760,True,Frontal Lobe,Panitch_et_al
ENSG00000124570,True,Frontal Lobe,Panitch_et_al
ENSG00000130717,True,Frontal Lobe,Panitch_et_al
ENSG00000180357,True,Frontal Lobe,Panitch_et_al
ENSG00000106211,True,Frontal Lobe,Panitch_et_al
ENSG00000233639,True,Frontal Lobe,Panitch_et_al
ENSG00000180423,True,Frontal Lobe,Panitch_et_al
ENSG00000123933,True,Frontal Lobe,Panitch_et_al
ENSG00000125734,True,Frontal Lobe,Panitch_et_al
ENSG00000167202,True,Frontal Lobe,Panitch_et_al
ENSG00000246695,True,Frontal Lobe,Panitch_et_al
ENSG00000154222,True,Frontal Lobe,Panitch_et_al
ENSG00000108830,True,Frontal Lobe,Panitch_et_al
ENSG00000105698,True,Frontal Lobe,Panitch_et_al
ENSG00000235665,True,Frontal Lobe,Panitch_et_al
ENSG00000163346,True,Frontal Lobe,Panitch_et_al
ENSG00000136451,True,Frontal Lobe,Panitch_et_al
ENSG00000138080,True,Frontal Lobe,Panitch_et_al
ENSG00000135365,True,Frontal Lobe,Panitch_et_al
ENSG00000092607,True,Frontal Lobe,Panitch_et_al
ENSG00000117122,True,Frontal Lobe,Panitch_et_al
ENSG00000137507,True,Frontal Lobe,Panitch_et_al
ENSG00000259804,True,Frontal Lobe,Panitch_et_al
ENSG00000171161,True,Frontal Lobe,Panitch_et_al
ENSG00000124215,True,Frontal Lobe,Panitch_et_al
ENSG00000236915,True,Frontal Lobe,Panitch_et_al
ENSG00000162337,True,Frontal Lobe,Panitch_et_al
ENSG00000188511,True,Frontal Lobe,Panitch_et_al
ENSG00000285070,True,Frontal Lobe,Panitch_et_al
ENSG00000123080,True,Frontal Lobe,Panitch_et_al
ENSG00000174243,True,Frontal Lobe,Panitch_et_al
ENSG00000173156,True,Frontal Lobe,Panitch_et_al
ENSG00000198885,True,Frontal Lobe,Panitch_et_al
ENSG00000101040,True,Frontal Lobe,Panitch_et_al
ENSG00000089327,True,Frontal Lobe,Panitch_et_al
ENSG00000010810,True,Frontal Lobe,Panitch_et_al
ENSG00000227175,True,Frontal Lobe,Panitch_et_al
ENSG00000108691,True,Frontal Lobe,Panitch_et_al
ENSG00000111339,True,Frontal Lobe,Panitch_et_al
ENSG00000128309,True,Frontal Lobe,Panitch_et_al
ENSG00000231889,True,Frontal Lobe,Panitch_et_al
ENSG00000169871,True,Frontal Lobe,Panitch_et_al
ENSG00000261832,True,Frontal Lobe,Panitch_et_al
ENSG00000284638,True,Frontal Lobe,Panitch_et_al
ENSG00000250073,True,Frontal Lobe,Panitch_et_al
ENSG00000184304,True,Frontal Lobe,Panitch_et_al
ENSG00000186918,True,Frontal Lobe,Panitch_et_al
ENSG00000260852,True,Frontal Lobe,Panitch_et_al
ENSG00000135097,True,Frontal Lobe,Panitch_et_al
ENSG00000173511,True,Frontal Lobe,Panitch_et_al
ENSG00000249710,True,Frontal Lobe,Panitch_et_al
ENSG00000145901,True,Frontal Lobe,Panitch_et_al
ENSG00000088881,True,Frontal Lobe,Panitch_et_al
ENSG00000292345,True,Frontal Lobe,Panitch_et_al
ENSG00000170242,True,Frontal Lobe,Panitch_et_al
ENSG00000130517,True,Frontal Lobe,Panitch_et_al
ENSG00000261054,True,Frontal Lobe,Panitch_et_al
ENSG00000165804,True,Frontal Lobe,Panitch_et_al
ENSG00000112561,True,Frontal Lobe,Panitch_et_al
ENSG00000166164,True,Frontal Lobe,Panitch_et_al
ENSG00000249307,True,Frontal Lobe,Panitch_et_al
ENSG00000181274,True,Frontal Lobe,Panitch_et_al
ENSG00000145555,True,Frontal Lobe,Panitch_et_al
ENSG00000104881,True,Frontal Lobe,Panitch_et_al
ENSG00000236790,True,Frontal Lobe,Panitch_et_al
ENSG00000237742,True,Frontal Lobe,Panitch_et_al
ENSG00000177045,True,Frontal Lobe,Panitch_et_al
ENSG00000188060,True,Frontal Lobe,Panitch_et_al
ENSG00000254211,True,Frontal Lobe,Panitch_et_al
ENSG00000235106,True,Frontal Lobe,Panitch_et_al
ENSG00000144655,True,Frontal Lobe,Panitch_et_al
ENSG00000177119,True,Frontal Lobe,Panitch_et_al
ENSG00000166484,True,Frontal Lobe,Panitch_et_al
ENSG00000136770,True,Frontal Lobe,Panitch_et_al
ENSG00000071054,True,Frontal Lobe,Panitch_et_al
ENSG00000105329,True,Frontal Lobe,Panitch_et_al
ENSG00000054654,True,Frontal Lobe,Panitch_et_al
ENSG00000177283,True,Frontal Lobe,Panitch_et_al
ENSG00000258738,True,Frontal Lobe,Panitch_et_al
ENSG00000255986,True,Frontal Lobe,Panitch_et_al
ENSG00000121966,True,Frontal Lobe,Panitch_et_al
ENSG00000099203,True,Frontal Lobe,Panitch_et_al
ENSG00000135447,True,Frontal Lobe,Panitch_et_al
ENSG00000101972,True,Frontal Lobe,Panitch_et_al
ENSG00000237738,True,Frontal Lobe,Panitch_et_al
ENSG00000179818,True,Frontal Lobe,Panitch_et_al
ENSG00000227170,True,Frontal Lobe,Panitch_et_al
ENSG00000100146,True,Frontal Lobe,Panitch_et_al
ENSG00000280916,True,Frontal Lobe,Panitch_et_al
ENSG00000104518,True,Frontal Lobe,Panitch_et_al
ENSG00000142327,True,Frontal Lobe,Panitch_et_al
ENSG00000105397,True,Frontal Lobe,Panitch_et_al
ENSG00000247675,True,Frontal Lobe,Panitch_et_al
ENSG00000092850,True,Frontal Lobe,Panitch_et_al
ENSG00000181444,True,Frontal Lobe,Panitch_et_al
ENSG00000091879,True,Frontal Lobe,Panitch_et_al
ENSG00000274523,True,Frontal Lobe,Panitch_et_al
ENSG00000124003,True,Frontal Lobe,Panitch_et_al
ENSG00000126458,True,Frontal Lobe,Panitch_et_al
ENSG00000137269,True,Frontal Lobe,Panitch_et_al
ENSG00000223923,True,Frontal Lobe,Panitch_et_al
ENSG00000106636,True,Frontal Lobe,Panitch_et_al
ENSG00000141639,True,Frontal Lobe,Panitch_et_al
ENSG00000178252,True,Frontal Lobe,Panitch_et_al
ENSG00000186951,True,Frontal Lobe,Panitch_et_al
ENSG00000107815,True,Frontal Lobe,Panitch_et_al
ENSG00000149639,True,Frontal Lobe,Panitch_et_al
ENSG00000187922,True,Frontal Lobe,Panitch_et_al
ENSG00000087903,True,Frontal Lobe,Panitch_et_al
ENSG00000068001,True,Frontal Lobe,Panitch_et_al
ENSG00000177303,True,Frontal Lobe,Panitch_et_al
ENSG00000261801,True,Frontal Lobe,Panitch_et_al
ENSG00000196935,True,Frontal Lobe,Panitch_et_al
ENSG00000166016,True,Frontal Lobe,Panitch_et_al
ENSG00000173530,True,Frontal Lobe,Panitch_et_al
